{"initial_reset_timestamp": 1639431853.405642, "timestamps": [1639431853.4108999, 1639431853.41269, 1639431853.4151292, 1639431853.4183512, 1639431853.421493, 1639431853.423718, 1639431853.4254248, 1639431853.4274392, 1639431853.4295611, 1639431853.431446, 1639431853.4333591, 1639431853.434981, 1639431853.437204, 1639431853.439115, 1639431853.440931, 1639431853.442744, 1639431853.44523, 1639431853.4470441, 1639431853.448952, 1639431853.4511669], "episode_lengths": [9, 8, 10, 10, 10, 10, 9, 11, 10, 10, 9, 8, 9, 9, 10, 10, 10, 9, 9, 9], "episode_rewards": [9.0, 8.0, 10.0, 10.0, 10.0, 10.0, 9.0, 11.0, 10.0, 10.0, 9.0, 8.0, 9.0, 9.0, 10.0, 10.0, 10.0, 9.0, 9.0, 9.0], "episode_types": ["t", "t", "t", "t", "t", "t", "t", "t", "t", "t", "t", "t", "t", "t", "t", "t", "t", "t", "t", "t"]}