{"initial_reset_timestamp": 1639631119.1246722, "timestamps": [1639631119.128853, 1639631119.1315675, 1639631119.1348526, 1639631119.1387274, 1639631119.142138, 1639631119.1445394, 1639631119.1472366, 1639631119.1499202, 1639631119.1532297, 1639631119.1563337, 1639631119.1593387, 1639631119.1623728, 1639631119.16597, 1639631119.1692748, 1639631119.1728723, 1639631119.1761782, 1639631119.1789165, 1639631119.1819143, 1639631119.1852121, 1639631119.188513, 1639631119.1918018, 1639631119.195248, 1639631119.1982539, 1639631119.2009673, 1639631119.2039711, 1639631119.206997, 1639631119.2099924, 1639631119.2127035, 1639631119.2153962, 1639631119.2189972, 1639631119.2222986, 1639631119.225615, 1639631119.228628, 1639631119.231612, 1639631119.2343264, 1639631119.2380803, 1639631119.241388, 1639631119.2446663, 1639631119.2479494, 1639631119.2506385, 1639631119.253622, 1639631119.2565968, 1639631119.2601671, 1639631119.2628582, 1639631119.2667704, 1639631119.2700758, 1639631119.2736714, 1639631119.277062, 1639631119.2800584, 1639631119.283355, 1639631119.2863457, 1639631119.2893517, 1639631119.2923725, 1639631119.2956722, 1639631119.2986612, 1639631119.3019497, 1639631119.3052406, 1639631119.3088515, 1639631119.3118505, 1639631119.3154225, 1639631119.3184285, 1639631119.3218112, 1639631119.3245142, 1639631119.3275, 1639631119.331097, 1639631119.3340771, 1639631119.337072, 1639631119.3400586, 1639631119.3427408, 1639631119.3457348, 1639631119.3487217, 1639631119.351414, 1639631119.3547122, 1639631119.3577285, 1639631119.3605332, 1639631119.3635275, 1639631119.3671162, 1639631119.3707063, 1639631119.3737166, 1639631119.3773034, 1639631119.3808908, 1639631119.3835835, 1639631119.3862796, 1639631119.3898594, 1639631119.3934603, 1639631119.3964515, 1639631119.399139, 1639631119.4028244, 1639631119.4061122, 1639631119.4088252, 1639631119.41242, 1639631119.416022, 1639631119.4192958, 1639631119.421985, 1639631119.4246833, 1639631119.428266, 1639631119.4309514, 1639631119.4345503, 1639631119.4381204, 1639631119.4411175, 1639631135.763857, 1639631135.7950878, 1639631135.8168147, 1639631135.8416247, 1639631135.8720815, 1639631135.8981555, 1639631135.9283574, 1639631135.9523492, 1639631135.9818444, 1639631136.0123634, 1639631136.016322, 1639631136.0459213, 1639631136.049706, 1639631136.082072, 1639631136.1062603, 1639631136.134309, 1639631136.1610703, 1639631136.1863918, 1639631136.2121794, 1639631136.2388995, 1639631136.2426481, 1639631136.2692661, 1639631136.295588, 1639631136.2990282, 1639631136.324156, 1639631136.3496668, 1639631136.385542, 1639631136.411821, 1639631136.435581, 1639631136.4647708, 1639631136.4899218, 1639631136.5146267, 1639631136.5403798, 1639631136.5693457, 1639631136.600825, 1639631136.6272407, 1639631136.652665, 1639631136.683224, 1639631136.7093005, 1639631136.7351758, 1639631136.7661688, 1639631136.7699378, 1639631136.8029113, 1639631136.8064106, 1639631136.8374515, 1639631136.841256, 1639631136.8681257, 1639631136.8906054, 1639631136.9188025, 1639631136.947888, 1639631136.9518766, 1639631136.9838908, 1639631136.9881928, 1639631137.0174825, 1639631137.020933, 1639631137.0501513, 1639631137.0817785, 1639631137.1050735, 1639631137.1090262, 1639631137.1124525, 1639631137.1395876, 1639631137.1668262, 1639631137.1703055, 1639631137.1984131, 1639631137.2249255, 1639631137.2554305, 1639631137.2833128, 1639631137.3076284, 1639631137.3323784, 1639631137.3598351, 1639631137.3859298, 1639631137.389736, 1639631137.4064622, 1639631137.4369822, 1639631137.4674687, 1639631137.494239, 1639631137.5186458, 1639631137.5476375, 1639631137.5784938, 1639631137.604173, 1639631137.6076214, 1639631137.6348288, 1639631137.6623108, 1639631137.6912007, 1639631137.7210035, 1639631137.741458, 1639631137.7457457, 1639631137.7707903, 1639631137.7916367, 1639631137.8234675, 1639631137.850072, 1639631137.877251, 1639631137.9079633, 1639631137.9328048, 1639631137.9574375, 1639631137.9836464, 1639631137.9869304, 1639631138.0156732, 1639631138.019469, 1639631138.0493782, 1639631156.834036, 1639631156.8787074, 1639631156.9128926, 1639631156.9500027, 1639631156.9930174, 1639631157.0356472, 1639631157.0748487, 1639631157.115125, 1639631157.1542985, 1639631157.1965609, 1639631157.2344382, 1639631157.2706842, 1639631157.3074675, 1639631157.3470845, 1639631157.3881917, 1639631157.426616, 1639631157.4600825, 1639631157.4947906, 1639631157.5298586, 1639631157.542568, 1639631157.578995, 1639631157.610198, 1639631157.6287038, 1639631157.6667197, 1639631157.696616, 1639631157.7330368, 1639631157.7611902, 1639631157.7960513, 1639631157.8337064, 1639631157.8722425, 1639631157.915678, 1639631157.9614363, 1639631158.0027149, 1639631158.0452712, 1639631158.0774686, 1639631158.1163042, 1639631158.1533072, 1639631158.1847918, 1639631158.2157414, 1639631158.2454736, 1639631158.2816436, 1639631158.3123796, 1639631158.3441877, 1639631158.3742075, 1639631158.4071288, 1639631158.4425254, 1639631158.4756525, 1639631158.503976, 1639631158.5336905, 1639631158.5710616, 1639631158.6040525, 1639631158.6378067, 1639631158.6689703, 1639631158.6996675, 1639631158.7352238, 1639631158.7667906, 1639631158.799981, 1639631158.828445, 1639631158.861548, 1639631158.89853, 1639631158.9295568, 1639631158.9663134, 1639631159.0032523, 1639631159.070855, 1639631159.1084375, 1639631159.1445014, 1639631159.180222, 1639631159.2151961, 1639631159.252478, 1639631159.2907827, 1639631159.3292298, 1639631159.3671644, 1639631159.3974452, 1639631159.435887, 1639631159.4735417, 1639631159.5072749, 1639631159.5438747, 1639631159.5791318, 1639631159.6150796, 1639631159.6475623, 1639631159.6808538, 1639631159.7122972, 1639631159.746564, 1639631159.7824929, 1639631159.8140488, 1639631159.843395, 1639631159.8649046, 1639631159.8866816, 1639631159.9095378, 1639631159.9277852, 1639631159.950615, 1639631159.9733236, 1639631159.9963, 1639631160.0190678, 1639631160.0374174, 1639631160.0611413, 1639631160.0911307, 1639631160.098435, 1639631160.1273918, 1639631160.1518953], "episode_lengths": [11, 9, 11, 11, 11, 8, 9, 9, 9, 10, 10, 10, 12, 11, 12, 11, 9, 10, 11, 11, 11, 11, 10, 9, 10, 10, 10, 9, 9, 12, 11, 11, 10, 10, 9, 12, 11, 11, 11, 9, 10, 10, 12, 9, 13, 11, 12, 11, 10, 11, 10, 10, 10, 11, 10, 11, 11, 12, 10, 12, 10, 11, 9, 10, 12, 10, 10, 10, 9, 10, 10, 9, 11, 10, 9, 10, 12, 12, 10, 12, 12, 9, 9, 12, 12, 10, 9, 12, 11, 9, 12, 12, 11, 9, 9, 12, 9, 12, 12, 10, 83, 98, 68, 78, 95, 80, 96, 75, 94, 98, 12, 94, 12, 99, 77, 88, 84, 79, 81, 83, 12, 83, 82, 11, 78, 79, 112, 82, 75, 92, 79, 77, 80, 91, 99, 83, 80, 94, 83, 80, 96, 12, 103, 11, 97, 12, 84, 72, 88, 90, 12, 99, 13, 91, 11, 93, 98, 73, 12, 11, 84, 85, 11, 90, 84, 96, 86, 74, 76, 87, 84, 12, 52, 96, 96, 86, 76, 90, 97, 81, 11, 85, 85, 89, 92, 65, 13, 80, 66, 101, 84, 84, 98, 78, 78, 82, 11, 91, 12, 94, 118, 113, 96, 97, 117, 117, 115, 119, 116, 125, 112, 107, 107, 114, 121, 118, 106, 110, 109, 40, 114, 98, 59, 120, 96, 114, 89, 109, 114, 118, 113, 115, 115, 122, 96, 118, 116, 97, 99, 94, 116, 96, 101, 94, 106, 112, 106, 90, 94, 117, 105, 107, 99, 99, 113, 99, 106, 91, 105, 118, 101, 116, 117, 200, 111, 106, 107, 103, 111, 113, 116, 112, 90, 115, 112, 107, 116, 111, 112, 100, 105, 98, 109, 115, 100, 93, 109, 108, 118, 94, 115, 111, 114, 113, 94, 108, 116, 29, 116, 104],