{"initial_reset_timestamp": 1634895204.8559875, "timestamps": [1634895204.9006367, 1634895204.9205203, 1634895204.950799, 1634895204.9704618, 1634895204.9942288, 1634895205.0736318, 1634895205.1026208, 1634895205.1319263, 1634895205.1627526, 1634895205.2687094, 1634895205.4056551, 1634895205.622794, 1634895205.7853706, 1634895205.893354, 1634895206.122765, 1634895206.2333255, 1634895206.3476994, 1634895206.489775, 1634895206.644231], "episode_lengths": [88, 79, 111, 76, 88, 225, 105, 106, 111, 92, 115, 171, 132, 89, 180, 91, 95, 116, 128], "episode_rewards": [-118.11052540749041, -327.4153117394716, -354.6920458658159, -190.83773926341078, -207.80777025642857, -386.7474812194821, -224.96909550429527, -238.13143115049735, -316.07740688254773, -330.7366921849082, -255.9070095691048, -176.24197781639032, -119.40375573588474, -534.4425410682004, -523.601124269117, -426.41221569291105, -152.7400097843276, -400.28139550460236, -320.9927209258717], "episode_types": ["t", "t", "t", "t", "t", "t", "t", "t", "t", "t", "t", "t", "t", "t", "t", "t", "t", "t", "t", "t"]}