{"initial_reset_timestamp": 1634891056.6164048, "timestamps": [1634891057.132611, 1634891057.356703, 1634891057.6545737, 1634891058.0356436, 1634891058.3274562, 1634891058.745835, 1634891058.9695678, 1634891059.3057928, 1634891059.5923226, 1634891059.9162462, 1634891060.1758707, 1634891060.466177, 1634891060.9326396], "episode_lengths": [614, 317, 408, 498, 384, 546, 317, 440, 378, 448, 347, 392, 605], "episode_rewards": [1940.0, 250.0, 400.0, 1090.0, 350.0, 590.0, 240.0, 480.0, 220.0, 750.0, 430.0, 360.0, 750.0], "episode_types": ["t", "t", "t", "t", "t", "t", "t", "t", "t", "t", "t", "t", "t", "t"]}