{"initial_reset_timestamp": 1639632144.4855583, "timestamps": [1639632144.488822, 1639632144.4906006, 1639632144.4925578, 1639632144.4955971, 1639632144.4974864, 1639632144.4990566, 1639632144.5022218, 1639632144.504205, 1639632144.5061588, 1639632144.5091052, 1639632144.5106814, 1639632144.5132415, 1639632144.5160148, 1639632144.5177786, 1639632144.5195749, 1639632144.5221033, 1639632144.5240893, 1639632144.525871, 1639632144.5280373, 1639632144.530814, 1639632144.5325792, 1639632144.5345297, 1639632144.5374277, 1639632144.5394104, 1639632144.5411665, 1639632144.5435407, 1639632144.5453305, 1639632144.5472827, 1639632144.5499637, 1639632144.551972, 1639632144.5539372, 1639632144.5568523, 1639632144.5588722, 1639632144.5608368, 1639632144.5627294, 1639632144.565574, 1639632144.5671458, 1639632144.5691233, 1639632144.5720787, 1639632144.5738287, 1639632144.5753837, 1639632144.5780675, 1639632144.5801487, 1639632144.5820942, 1639632144.585097, 1639632144.5874374, 1639632144.5895095, 1639632144.5921044, 1639632144.5939436, 1639632144.5959752, 1639632144.5989234, 1639632144.6008458, 1639632144.6026764, 1639632144.6056516, 1639632144.6078014, 1639632144.6095757, 1639632144.6124325, 1639632144.614273, 1639632144.616224, 1639632144.6191862, 1639632144.6214683, 1639632144.6234202, 1639632144.6262627, 1639632144.6282878, 1639632144.630058, 1639632144.6323962, 1639632144.6351054, 1639632144.6368723, 1639632144.6388206, 1639632144.641993, 1639632144.6439533, 1639632144.646255, 1639632144.6489239, 1639632144.650858, 1639632144.6526117, 1639632144.6555932, 1639632144.6575315, 1639632144.6592762, 1639632144.6618142, 1639632144.6635504, 1639632144.6653101, 1639632144.6679358, 1639632144.6701446, 1639632144.67188, 1639632144.6734316, 1639632144.676163, 1639632144.677931, 1639632144.679876, 1639632144.6825523, 1639632144.6843967, 1639632144.6863594, 1639632144.6890762, 1639632144.6910803, 1639632144.6930478, 1639632144.695759, 1639632144.6977844, 1639632144.699377, 1639632144.701385, 1639632144.7039895, 1639632144.7057862, 1639632166.4194138, 1639632166.4227517, 1639632166.4256253, 1639632166.4279745, 1639632166.430843, 1639632166.4328625, 1639632166.4352524, 1639632166.4383385, 1639632166.4405727, 1639632166.4436984, 1639632166.4466083, 1639632166.4489236, 1639632166.4515755, 1639632166.4540288, 1639632166.4749734, 1639632166.477217, 1639632166.4798799, 1639632166.4818916, 1639632166.4843428, 1639632166.4865792, 1639632166.4888167, 1639632166.491258, 1639632166.4933062, 1639632166.49553, 1639632166.5166745, 1639632166.5188963, 1639632166.5215857, 1639632166.5242574, 1639632166.5266976, 1639632166.5293632, 1639632166.531365, 1639632166.5338204, 1639632166.5360456, 1639632166.5384886, 1639632166.541159, 1639632166.5438204, 1639632166.546272, 1639632166.5489411, 1639632166.5511591, 1639632166.5533948, 1639632166.5745015, 1639632166.5767353, 1639632166.5787375, 1639632166.5811827, 1639632166.5836205, 1639632166.5860686, 1639632166.5882962, 1639632166.6113775, 1639632166.613848, 1639632166.616294, 1639632166.6189506, 1639632166.6213965, 1639632166.6238317, 1639632166.625846, 1639632166.6280675, 1639632166.630501, 1639632166.6325083, 1639632166.6347249, 1639632166.6371744, 1639632166.6393948, 1639632166.6600914, 1639632166.6625507, 1639632166.6645555, 1639632166.6669917, 1639632166.6692295, 1639632166.67188, 1639632166.674541, 1639632166.6769872, 1639632166.6794198, 1639632166.699838, 1639632166.7022805, 1639632166.7251248, 1639632166.7457182, 1639632166.748185, 1639632166.7510607, 1639632166.7537348, 1639632166.7565408, 1639632166.7589831, 1639632166.7614484, 1639632166.7636707, 1639632166.7663481, 1639632166.7685823, 1639632166.771018, 1639632166.7730346, 1639632166.7754755, 1639632166.7779257, 1639632166.7801652, 1639632166.7823842, 1639632166.784612, 1639632166.7868285, 1639632166.7888374, 1639632166.7914965, 1639632166.7937276, 1639632166.7961648, 1639632166.798391, 1639632166.8012779, 1639632166.803496, 1639632166.8066294, 1639632166.8088646, 1639632166.8109846], "episode_lengths": [10, 9, 10, 10, 9, 8, 11, 10, 10, 10, 8, 11, 9, 9, 9, 9, 9, 9, 10, 10, 9, 10, 9, 10, 9, 8, 8, 10, 9, 9, 10, 10, 9, 10, 9, 9, 8, 10, 9, 9, 8, 9, 9, 10, 9, 10, 10, 8, 8, 10, 10, 8, 9, 10, 10, 9, 10, 8, 10, 11, 10, 10, 10, 9, 9, 10, 10, 9, 10, 10, 10, 10, 10, 10, 9, 10, 10, 9, 8, 9, 9, 10, 10, 9, 8, 9, 9, 10, 9, 9, 10, 10, 9, 10, 9, 9, 8, 10, 8, 9, 11, 12, 12, 10, 11, 9, 10, 12, 10, 13, 12, 10, 12, 11, 95, 10, 12, 9, 11, 10, 10, 11, 9, 10, 96, 10, 12, 12, 11, 12, 9, 11, 10, 11, 12, 12, 11, 12, 10, 10, 96, 10, 9, 11, 11, 11, 10, 105, 11, 11, 12, 11, 11, 9, 10, 11, 9, 10, 11, 10, 94, 11, 9, 11, 10, 12, 12, 11, 11, 93, 11, 104, 94, 11, 12, 12, 12, 11, 11, 10, 12, 10, 11, 9, 11, 11, 10, 10, 10, 10, 9, 12, 10, 11, 10, 13, 10, 11, 10, 9], "episode_rewards": [10.0, 9.0, 10.0, 10.0, 9.0, 8.0, 11.0, 10.0, 10.0, 10.0, 8.0, 11.0, 9.0, 9.0, 9.0, 9.0, 9.0, 9.0, 10.0, 10.0, 9.0, 10.0, 9.0, 10.0, 9.0, 8.0, 8.0, 10.0, 9.0, 9.0, 10.0, 10.0, 9.0, 10.0, 9.0, 9.0, 8.0, 10.0, 9.0, 9.0, 8.0, 9.0, 9.0, 10.0, 9.0, 10.0, 10.0, 8.0, 8.0, 10.0, 10.0, 8.0, 9.0, 10.0, 10.0, 9.0, 10.0, 8.0, 10.0, 11.0, 10.0, 10.0, 10.0, 9.0, 9.0, 10.0, 10.0, 9.0, 10.0, 10.0, 10.0, 10.0, 10.0, 10.0, 9.0, 10.0, 10.0, 9.0, 8.0, 9.0, 9.0, 10.0, 10.0, 9.0, 8.0, 9.0, 9.0, 10.0, 9.0, 9.0, 10.0, 10.0, 9.0, 10.0, 9.0, 9.0, 8.0, 10.0, 8.0, 9.0, 11.0, 12.0, 12.0, 10.0, 11.0, 9.0, 10.0, 12.0, 10.0, 13.0, 12.0, 10.0, 12.0, 11.0, 95.0, 10.0, 12.0, 9.0, 11.0, 10.0, 10.0, 11.0, 9.0, 10.0, 96.0, 10.0, 12.0, 12.0, 11.0, 12.0, 9.0, 11.0, 10.0, 11.0, 12.0, 12.0, 11.0, 12.0, 10.0, 10.0, 96.0, 10.0, 9.0, 11.0, 11.0, 11.0, 10.0, 105.0, 11.0, 11.0, 12.0, 11.0, 11.0, 9.0, 10.0, 11.0, 9.0, 10.0, 11.0, 10.0, 94.0, 11.0, 9.0, 11.0, 10.0, 12.0, 12.0, 11.0, 11.0, 93.0, 11.0, 104.0, 94.0, 11.0, 12.0, 12.0, 12.0, 11.0, 11.0, 10.0, 12.0, 10.0, 11.0, 9.0, 11.0, 11.0, 10.0, 10.0, 10.0, 10.0, 9.0, 12.0, 10.0, 11.0, 10.0, 13.0, 10.0, 11.0, 10.0, 9.0], "episode_types": ["t", "t", "t", "t", "t", "t", "t", "t", "t", "t", "t", "t", "t", "t", "t", "t", "t", "t", "t", "t", "t", "t", "t", "t", "t", "t", "t", "t", "t", "t", "t", "t", "t", "t", "t", "t", "t", "t", "t", "t", "t", "t", "t", "t", "t", "t", "t", "t", "t", "t", "t", "t", "t", "t", "t", "t", "t", "t", "t", "t", "t", "t", "t", "t", "t", "t", "t", "t", "t", "t", "t", "t", "t", "t", "t", "t", "t", "t", "t", "t", "t", "t", "t", "t", "t", "t", "t", "t", "t", "t", "t", "t", "t", "t", "t", "t", "t", "t", "t", "t", "t", "t", "t", "t", "t", "t", "t", "t", "t", "t", "t", "t", "t", "t", "t", "t", "t", "t", "t", "t", "t", "t", "t", "t", "t", "t", "t", "t", "t", "t", "t", "t", "t", "t", "t", "t", "t", "t", "t", "t", "t", "t", "t", "t", "t", "t", "t", "t", "t", "t", "t", "t", "t", "t", "t", "t", "t", "t", "t", "t", "t", "t", "t", "t", "t", "t", "t", "t", "t", "t", "t", "t", "t", "t", "t", "t", "t", "t", "t", "t", "t", "t", "t", "t", "t", "t", "t", "t", "t", "t", "t", "t", "t", "t", "t", "t", "t", "t", "t", "t"]}