{"initial_reset_timestamp": 1634895244.2524855, "timestamps": [1634895244.2711296, 1634895244.287178, 1634895244.3118374, 1634895244.3278415, 1634895244.34716, 1634895244.4120972, 1634895244.4357224, 1634895244.4594455, 1634895244.4844356, 1634895244.5804505, 1634895244.7080846, 1634895244.9039075, 1634895245.1156628, 1634895245.3010683], "episode_lengths": [88, 79, 111, 76, 88, 225, 105, 106, 111, 92, 115, 168, 174, 119], "episode_rewards": [-118.11052540749041, -327.4153117394716, -354.6920458658159, -190.83773926341078, -207.80777025642857, -386.7474812194821, -224.96909550429527, -238.13143115049735, -316.07740688254773, -330.7366921849082, -255.9070095691048, -228.2819902139437, -275.49012381232404, -558.7189587421096], "episode_types": ["t", "t", "t", "t", "t", "t", "t", "t", "t", "t", "t", "t", "t", "t", "t"]}