{"initial_reset_timestamp": 1634894236.9767573, "timestamps": [1634894237.0521684, 1634894237.067818, 1634894237.0916333, 1634894237.1071444, 1634894237.1256967, 1634894237.188352, 1634894237.2112765, 1634894237.2344632, 1634894237.2587416], "episode_lengths": [88, 79, 111, 76, 88, 225, 105, 106, 111], "episode_rewards": [-118.11052540749041, -327.4153117394716, -354.6920458658159, -190.83773926341078, -207.80777025642857, -386.7474812194821, -224.96909550429527, -238.13143115049735, -316.07740688254773], "episode_types": ["t", "t", "t", "t", "t", "t", "t", "t", "t", "t"]}