{"initial_reset_timestamp": 1634877058.5710497, "timestamps": [1634877059.1726022], "episode_lengths": [416], "episode_rewards": [70.0], "episode_types": ["t", "t"]}