{"initial_reset_timestamp": 1634895459.788436, "timestamps": [1634895459.8119135, 1634895459.8324685, 1634895459.8637903, 1634895459.8841445, 1634895459.908729, 1634895459.9902935, 1634895460.0200822, 1634895460.0502272, 1634895460.0819511, 1634895460.1800413, 1634895460.3123116, 1634895460.5279644, 1634895460.7506313], "episode_lengths": [88, 79, 111, 76, 88, 225, 105, 106, 111, 92, 115, 168, 174], "episode_rewards": [-118.11052540749041, -327.4153117394716, -354.6920458658159, -190.83773926341078, -207.80777025642857, -386.7474812194821, -224.96909550429527, -238.13143115049735, -316.07740688254773, -330.7366921849082, -255.9070095691048, -228.2819902139437, -275.49012381232404], "episode_types": ["t", "t", "t", "t", "t", "t", "t", "t", "t", "t", "t", "t", "t", "t"]}