{"initial_reset_timestamp": 1639404023.808137, "timestamps": [1639404023.8337653, 1639404023.8689334, 1639404023.9712775, 1639404023.9890642, 1639404024.0063598, 1639404024.0648158, 1639404024.0898387, 1639404024.119117, 1639404024.141425, 1639404024.196774, 1639404024.2137046, 1639404024.2637677, 1639404024.2952368, 1639404024.3133013, 1639404024.3257492, 1639404024.3481853, 1639404024.3849394, 1639404024.440634, 1639404024.4642713, 1639404024.4822838, 1639404024.4920099, 1639404024.5549176, 1639404024.5813448, 1639404024.5998366, 1639404024.6240666, 1639404024.633305, 1639404024.6556447, 1639404024.7726161, 1639404024.7991846, 1639404024.8187976, 1639404024.852866, 1639404024.8749168, 1639404024.8946052, 1639404024.9425936, 1639404024.9719646, 1639404024.9871972, 1639404025.0377471, 1639404025.050535, 1639404025.099586, 1639404025.1209807, 1639404025.1443796, 1639404025.1659765, 1639404025.2151444, 1639404025.233225, 1639404025.241635, 1639404025.2570229, 1639404025.3082821, 1639404025.3281815, 1639404025.34652, 1639404025.401236, 1639404038.3958042, 1639404039.0345943, 1639404039.8266606, 1639404040.4745188, 1639404041.0261757, 1639404041.620301, 1639404042.2322433, 1639404042.7961287, 1639404043.5342796, 1639404045.0846443, 1639404046.0057914, 1639404046.509887, 1639404047.1801481, 1639404047.7618062, 1639404048.3584983, 1639404048.9528527, 1639404050.4197452, 1639404051.1059427, 1639404051.5976357, 1639404052.415992, 1639404053.520124, 1639404054.6079195, 1639404055.0996552, 1639404055.7311397, 1639404056.6669588, 1639404057.4036763, 1639404057.9766011, 1639404058.77245, 1639404059.551722, 1639404060.2232456, 1639404060.7541718, 1639404061.360971, 1639404062.368534, 1639404062.987904, 1639404064.0905766, 1639404064.9573421, 1639404066.0892296, 1639404066.6719294, 1639404067.3195925, 1639404067.963682, 1639404068.7483563, 1639404069.461607, 1639404070.049429, 1639404070.5458515, 1639404071.393681], "episode_lengths": [89, 154, 312, 97, 80, 211, 126, 130, 99, 219, 83, 205, 141, 84, 86, 102, 153, 216, 89, 78, 68, 224, 116, 95, 107, 70, 99, 301, 109, 104, 145, 93, 109, 188, 135, 92, 197, 91, 191, 96, 113, 114, 181, 75, 66, 99, 181, 85, 79, 195, 999, 999, 999, 999, 999, 999, 999, 999, 999, 999, 999, 999, 999, 999, 999, 999, 999, 999, 999, 999, 999, 999, 999, 999, 999, 999, 999, 999, 999, 999, 999, 999, 999, 999, 999, 999, 999, 999, 999, 999, 999, 999, 999, 999, 999], "episode_rewards": [-504.37198813758886, -516.3035143132329, -1637.8245703920547, -451.7338399064299, -487.46050325737383, -1207.127256355389, -586.7144649156248, -741.7212954640337, -528.0972729737728, -1025.114132981746, -379.87280524151186, -1158.0566639251874, -508.46895623967606, -592.4514677061013, -123.03585879462305, -636.8676448021622, -580.2517210692812, -1043.3883546561847, -525.3518091813698, -640.330545891755, -153.3966492954297, -1257.9628738283923, -711.8443979359246, -413.437326872529, -751.4494833538201, -146.3395597605105, -558.2527853473562, -1304.8951918307366, -675.5889337259481, -311.6544098387155, -511.9763972869691, -652.0611954475906, -284.826703975987, -1009.832404708661, -510.43264583873713, -317.60857070474503, -1017.7114879009064, -309.11633825318575, -595.2486009536735, -524.5163254257423, -329.2426824470969, -271.2897277680069, -853.2471848554903, -537.6851315745428, -122.48496496181784, -104.10524617799598, -765.798695887115, -620.9908007721091, -594.3322686138224, -1038.0848049110518, -94.05343686237721, -150.99226949548327, -117.24624742600597, -143.97502327169911, -141.62628337204757, -147.62873629375113, -172.3148682554792, -183.980628540085, -135.12330742195033, -117.14806601072898, -108.95642640210119, -75.22139621462908, -161.58074166002388, -153.1114889841861, -71.3451936382069, -123.12539717762888, -100.1580525963293, -113.90004937169265, -134.76170218437915, -154.43637524901484, -90.88146359765014, -145.14064655940913, -151.76453352933146, -138.1805741884242, -151.09091396810183, -114.54494502930106, -108.06987747754688, -136.02217316364943, -139.02793346268635, -91.05773773569028, -144.8267974176436, -135.53536338249555, -95.97465902199826, -73.60935074000471, -177.5624600436962, -138.1464212503166, -119.67609561703236, -168.18009128934676, -96.72688372469081, -112.60389636941639, -165.25195849806633, -147.32443279466202, -144.22856250881904, -164.99651280667905, -117.61621859676627], "episode_types": ["t", "t", "t", "t", "t", "t", "t", "t", "t", "t", "t", "t", "t", "t", "t", "t", "t", "t", "t", "t", "t", "t", "t", "t", "t", "t", "t", "t", "t", "t", "t", "t", "t", "t", "t", "t", "t", "t", "t", "t", "t", "t", "t", "t", "t", "t", "t", "t", "t", "t", "t", "t", "t", "t", "t", "t", "t", "t", "t", "t", "t", "t", "t", "t", "t", "t", "t", "t", "t", "t", "t", "t", "t", "t", "t", "t", "t", "t", "t", "t", "t", "t", "t", "t", "t", "t", "t", "t", "t", "t", "t", "t", "t", "t", "t", "t"]}