{"initial_reset_timestamp": 1639362421.4281874, "timestamps": [1639362421.4487848], "episode_lengths": [89], "episode_rewards": [-504.37198813758886], "episode_types": ["t", "t"]}