{"initial_reset_timestamp": 1639411114.955358, "timestamps": [1639411114.9803736, 1639411115.010661, 1639411115.031091, 1639411115.0603049, 1639411115.0849125, 1639411115.1072881, 1639411115.1356893, 1639411115.157867, 1639411115.1809928, 1639411115.2043884, 1639411115.2326076, 1639411115.2517152, 1639411115.2783232, 1639411115.2988591, 1639411115.3235931, 1639411115.3513556, 1639411115.3818629, 1639411115.4052548, 1639411115.4311962, 1639411115.4497366, 1639411141.0319166, 1639411141.8796468, 1639411142.6660461, 1639411143.4695263, 1639411144.4244363, 1639411145.2684772, 1639411146.2380989, 1639411147.7257524, 1639411149.0164502, 1639411150.0494316, 1639411151.238838, 1639411152.2468116, 1639411152.9071505, 1639411153.8472044], "episode_lengths": [63, 77, 55, 78, 65, 59, 74, 59, 61, 62, 74, 53, 70, 58, 66, 72, 79, 62, 69, 51, 999, 999, 999, 999, 999, 999, 999, 999, 999, 999, 999, 999, 999, 999], "episode_rewards": [-335.7698776457679, -333.0817639490247, -181.4310006419428, -168.75429712519036, -191.97657847323194, -276.68695494091907, -314.7845306857006, -352.77178675752197, -307.52801993848993, -247.1914058404214, -318.9090552837067, -207.16512092562127, -376.36170080378633, -379.98426196347305, -320.5904391403394, -324.6545578529929, -282.1814072759898, -333.2168896470376, -408.6482011673215, -157.10691947932622, -110.14590471115581, -137.8064284482144, -140.27169298126927, -94.6889483273355, -130.6121475606956, -107.77651662018138, -118.94540846481004, -105.89070728226113, -95.41838222986709, -127.46466211295241, -107.55567586557744, -137.30706652204313, -149.49296355145347, -159.44093284811203], "episode_types": ["t", "t", "t", "t", "t", "t", "t", "t", "t", "t", "t", "t", "t", "t", "t", "t", "t", "t", "t", "t", "t", "t", "t", "t", "t", "t", "t", "t", "t", "t", "t", "t", "t", "t", "t"]}