{"initial_reset_timestamp": 1634898747.0642402, "timestamps": [1634898747.5518243, 1634898747.7762737, 1634898748.0706728, 1634898748.434964, 1634898748.7169397, 1634898749.1210713, 1634898749.3441536, 1634898749.6743484, 1634898749.9547536, 1634898750.27525, 1634898750.5280976, 1634898750.809868, 1634898751.2636385, 1634898751.6231768, 1634898751.9256656, 1634898752.2468765, 1634898752.4569995, 1634898753.0613143, 1634898753.3140526, 1634898753.5883696, 1634898753.8507466, 1634898754.0558445, 1634898754.3537416, 1634898754.63704, 1634898755.1201751, 1634898755.5018504, 1634898755.7987423, 1634898756.0302174, 1634898756.2373776, 1634898756.6063635, 1634898756.8628943, 1634898757.0648928, 1634898757.4827745, 1634898757.8427653, 1634898758.287936, 1634898758.555072, 1634898758.782147, 1634898758.9636085, 1634898759.4721885, 1634898759.7135897, 1634898760.004312, 1634898760.4172668, 1634898760.700036, 1634898761.026638, 1634898761.4159262, 1634898761.6843586, 1634898762.1377285, 1634898762.604804, 1634898762.8776371, 1634898763.166368, 1634898763.471002, 1634898763.7668624, 1634898764.0227482, 1634898764.3218863, 1634898764.6039653, 1634898764.8646827, 1634898765.4350402, 1634898765.8777392, 1634898766.186595, 1634898766.4509528, 1634898766.8291852, 1634898767.2848785, 1634898767.5694165, 1634898767.78217, 1634898768.095494, 1634898768.355708, 1634898768.7298636, 1634898768.9349713, 1634898769.2908158, 1634898769.6693032, 1634898770.1413012, 1634898770.3892748, 1634898770.6213562, 1634898770.8721447, 1634898771.0971115, 1634898771.463179, 1634898771.859331, 1634898772.2213912, 1634898772.4787185, 1634898772.9276154, 1634898773.2673633, 1634898773.4338486, 1634898773.749324, 1634898774.0000565, 1634898774.2649357, 1634898774.6210597, 1634898774.970252, 1634898775.499751, 1634898775.8065495, 1634898776.0867152, 1634898776.4032326, 1634898776.6761696, 1634898776.9629486, 1634898777.1711705, 1634898777.5666444, 1634898777.8136568, 1634898778.0880089, 1634898778.4197588, 1634898778.6254394, 1634898778.831904, 1634898779.4950802, 1634898779.797996, 1634898780.0706422, 1634898780.2872133, 1634898780.6477945, 1634898780.93638, 1634898781.2501004, 1634898781.5582669, 1634898781.8668628, 1634898782.1719685, 1634898782.3651824, 1634898782.7942898, 1634898783.070621, 1634898783.3835502, 1634898783.664106, 1634898783.93626, 1634898784.2111015, 1634898784.4315732, 1634898785.022897, 1634898785.5878754, 1634898785.9144974, 1634898786.1535103, 1634898786.4361293, 1634898786.6118863, 1634898786.9262855, 1634898787.3352149, 1634898787.5972521, 1634898788.0110607, 1634898788.3287044, 1634898788.8452075, 1634898789.1029434, 1634898789.402235, 1634898789.9798975, 1634898790.2146661, 1634898790.546651, 1634898790.8091123, 1634898791.2144933, 1634898791.57363, 1634898791.8527691, 1634898792.244414, 1634898792.5279775, 1634898792.9672477, 1634898793.2601414, 1634898793.5807967, 1634898793.9702866, 1634898794.2497203, 1634898794.4695983, 1634898794.8571632, 1634898795.0171573, 1634898795.1870592, 1634898795.4256938, 1634898795.7099674, 1634898796.168583, 1634898796.463419, 1634898796.759454, 1634898796.953918, 1634898797.3025694, 1634898797.4839122, 1634898797.8046348, 1634898798.2265196, 1634898798.5121944, 1634898798.8424895, 1634898799.0701118, 1634898799.5103652, 1634898799.8257084, 1634898800.3832326, 1634898800.6040668, 1634898801.114628, 1634898801.5972614, 1634898802.0677187, 1634898802.4884598, 1634898802.7819517, 1634898803.0746942, 1634898803.3140767, 1634898803.5556803, 1634898803.8910294, 1634898804.2635348, 1634898804.77499, 1634898805.0721047, 1634898805.4964368, 1634898805.9047554, 1634898806.1380045, 1634898806.4564354, 1634898806.8948143, 1634898807.2369125, 1634898807.6839457, 1634898807.9101787, 1634898808.1061156, 1634898808.490938, 1634898808.8096025, 1634898809.104941, 1634898809.3166537, 1634898809.6438766, 1634898809.8516576, 1634898810.2427356, 1634898810.533331, 1634898810.89804, 1634898811.248981, 1634898811.48105, 1634898811.810241, 1634898812.2691324, 1634898812.7424347, 1634898813.3258991, 1634898813.5574415, 1634898813.8686805, 1634898814.260743, 1634898814.7833333, 1634898815.1719043, 1634898815.6356473, 1634898815.9019654, 1634898816.145137, 1634898816.3518217, 1634898816.6250885, 1634898817.0230088, 1634898817.616498, 1634898818.0580833, 1634898818.4557197, 1634898818.8953104, 1634898819.4760864, 1634898819.8180957, 1634898820.1389978, 1634898820.4061353, 1634898820.7796488, 1634898821.1232867, 1634898821.360779, 1634898821.6705215, 1634898821.9239378, 1634898822.1486235, 1634898822.4730039, 1634898822.7558389, 1634898823.1314907, 1634898823.3993242, 1634898823.7337997, 1634898824.0322204, 1634898824.3499444, 1634898824.759861, 1634898825.0057151, 1634898825.2968822, 1634898825.6680784, 1634898825.9219093, 1634898826.2227244, 1634898826.4948392, 1634898826.7578678, 1634898826.939248, 1634898827.2024426, 1634898827.6702588, 1634898828.0341542, 1634898828.272559, 1634898828.4868019, 1634898828.8406224, 1634898829.2519865, 1634898829.5224307, 1634898829.8616455, 1634898830.1909947, 1634898830.3748946, 1634898830.6250505, 1634898830.905393, 1634898831.2490368, 1634898831.5353851, 1634898831.8836718, 1634898832.1834147, 1634898832.5772483, 1634898832.9377756, 1634898833.519635, 1634898833.8452067, 1634898834.2753918, 1634898834.5278218, 1634898834.8338625, 1634898835.1429346, 1634898835.606156, 1634898835.9854577, 1634898836.2529986, 1634898836.7418618, 1634898837.0787163, 1634898837.4719443, 1634898837.7623882, 1634898838.2091417, 1634898838.5082476, 1634898838.7519808, 1634898839.1996028, 1634898839.4917352, 1634898839.7733188, 1634898839.959869, 1634898840.148961, 1634898840.4599938, 1634898841.0126827, 1634898841.262934, 1634898841.5915914, 1634898841.8092144, 1634898842.0508375, 1634898842.2729108, 1634898842.6709554, 1634898843.2476022, 1634898843.5329385, 1634898843.6960144, 1634898844.0410593, 1634898844.4262218, 1634898844.7570455, 1634898845.022489, 1634898845.5114365, 1634898845.85442, 1634898846.1814752, 1634898846.4078841, 1634898846.6469731, 1634898846.947035, 1634898847.1949859, 1634898847.5480096, 1634898847.765293, 1634898848.2855446, 1634898848.57165, 1634898849.1008327, 1634898849.5090706, 1634898849.8636918, 1634898850.112627, 1634898850.3866642, 1634898850.7250977, 1634898851.1430159, 1634898851.4047537, 1634898851.9224727, 1634898852.1961544, 1634898852.525071, 1634898852.8737018, 1634898853.0684562, 1634898853.3017457, 1634898853.5754504, 1634898853.849889, 1634898854.152899, 1634898854.5071685, 1634898854.9177735, 1634898855.1926556, 1634898855.4635544, 1634898855.7862678, 1634898856.0300095, 1634898856.3102884, 1634898856.61661, 1634898857.0531082, 1634898857.4046626, 1634898857.8384316, 1634898858.1676955, 1634898858.451937, 1634898858.8290348, 1634898859.1155984, 1634898859.4547162, 1634898859.6658475, 1634898860.0041912, 1634898860.2917783, 1634898860.5834205, 1634898860.8904016, 1634898861.1902635, 1634898861.4289029, 1634898862.318828, 1634898862.6570117, 1634898862.9611526, 1634898863.2044742, 1634898863.602287, 1634898863.7782779, 1634898864.1056073, 1634898864.2817855, 1634898864.7626703, 1634898865.2951229, 1634898865.5463896, 1634898865.754675, 1634898865.9926023, 1634898866.2777538, 1634898866.6266189, 1634898866.9448168, 1634898867.2987797, 1634898867.6499712, 1634898867.9524474, 1634898868.284439, 1634898868.533247, 1634898868.8241794, 1634898869.0256932, 1634898869.2722368, 1634898869.664934, 1634898870.0282717, 1634898870.5868018, 1634898870.8488932, 1634898871.176382, 1634898871.4904401, 1634898871.7563353, 1634898872.1738398, 1634898872.5582883, 1634898872.869837, 1634898873.2271104, 1634898873.4406247, 1634898873.7327192, 1634898874.1388462, 1634898874.4531283, 1634898874.8354058, 1634898875.1536548, 1634898875.4200509, 1634898875.7142153, 1634898876.0561247, 1634898876.3466926, 1634898876.799538, 1634898877.2750673, 1634898877.6549263, 1634898877.8678844, 1634898878.2065427, 1634898878.5405006, 