{"initial_reset_timestamp": 1639635945.876257, "timestamps": [1639635945.8982782, 1639635945.9198408, 1639635945.9410923, 1639635945.9622176, 1639635945.983285, 1639635946.0037131, 1639635946.024926, 1639635946.0460093, 1639635946.0670505, 1639635946.0881038, 1639635946.109083, 1639635946.1301029, 1639635946.1511166, 1639635946.1721303, 1639635946.19314, 1639635946.2141805, 1639635946.2353015, 1639635946.2560744, 1639635946.277354, 1639635946.2988746, 1639635946.3219497, 1639635946.344609, 1639635946.3660388, 1639635946.3872316, 1639635946.410557, 1639635946.4328215, 1639635946.454647, 1639635946.4763606, 1639635946.4982815, 1639635946.5200522, 1639635946.5435176, 1639635946.5671346, 1639635946.5894706, 1639635946.611068, 1639635946.6331143, 1639635946.6557138, 1639635946.678782, 1639635946.7002861, 1639635946.7218022, 1639635946.7439172, 1639635946.765333, 1639635946.786798, 1639635946.808109, 1639635946.8294868, 1639635946.8603241, 1639635946.892441, 1639635946.9218926, 1639635946.9440372, 1639635946.9666233, 1639635946.9901395, 1639635947.012625, 1639635947.0378544, 1639635947.059744, 1639635947.084243, 1639635947.1063507, 1639635947.1316833, 1639635947.1562107, 1639635947.1816263, 1639635947.2066216, 1639635947.2292113, 1639635947.2506547, 1639635947.2719927, 1639635947.294935, 1639635947.317464, 1639635947.3398604, 1639635947.3634841, 1639635947.387187, 1639635947.4090116, 1639635947.4302034, 1639635947.4515898, 1639635947.4725807, 1639635947.4943092, 1639635947.5159562, 1639635947.5391352, 1639635947.5620048, 1639635947.5850143, 1639635947.60739, 1639635947.6301877, 1639635947.6523519, 1639635947.6737537, 1639635947.6949635, 1639635947.716192, 1639635947.7372203, 1639635947.7587438, 1639635947.7809036, 1639635947.802737, 1639635947.8247275, 1639635947.849842, 1639635947.8713255, 1639635947.8927708, 1639635947.9141438, 1639635947.9355316, 1639635947.956648, 1639635947.9784176, 1639635948.0001283, 1639635948.0215898, 1639635948.0429053, 1639635948.0641627, 1639635948.0856025, 1639635948.107245, 1639636315.1005547, 1639636315.1216218, 1639636315.1425643, 1639636315.1634767, 1639636315.1845381, 1639636315.205555, 1639636315.2269874, 1639636315.247769, 1639636315.2686224, 1639636315.2889392, 1639636315.309869, 1639636315.3308187, 1639636315.3518312, 1639636315.3728414, 1639636315.3937185, 1639636315.4142823, 1639636315.4353182, 1639636315.4562156, 1639636315.4771907, 1639636315.498166, 1639636315.519133, 1639636315.5400465, 1639636315.5608673, 1639636315.581755, 1639636315.6026669, 1639636315.6236074, 1639636315.646054, 1639636315.6670454, 1639636315.6889255, 1639636315.7107744, 1639636315.7319767, 1639636315.7531345, 1639636315.7741907, 1639636315.7953486, 1639636315.8164637, 1639636315.8372536, 1639636315.8597713, 1639636315.8810318, 1639636315.9041162, 1639636315.9257026, 1639636315.9467418, 1639636315.9678314, 1639636315.9889565, 1639636316.0098493, 1639636316.030906, 1639636316.0515714, 1639636316.0717223, 1639636316.0927165, 1639636316.113855, 1639636316.134926, 1639636316.1559422, 1639636316.176997, 1639636316.1980054, 1639636316.2191584, 1639636316.2403402, 1639636316.261341, 1639636316.2822769, 1639636316.3033454, 1639636316.3244295, 1639636316.3451834, 1639636316.366201, 1639636316.3871913, 1639636316.4081247, 1639636316.4291563, 1639636316.4501197, 1639636316.4710622, 1639636316.4920444, 1639636316.5129638, 1639636316.5339222, 1639636316.5548725, 1639636316.5758748, 1639636316.5972722, 1639636316.620355, 1639636316.6480715, 1639636316.6702259, 1639636316.694385, 1639636316.7155888, 1639636316.736835, 1639636316.7580621, 1639636316.7792454, 1639636316.8004172, 1639636316.8211956, 1639636316.8424587, 1639636316.863657, 1639636316.884934, 1639636316.906159, 1639636316.927376, 1639636316.9486098, 1639636316.9697893, 1639636316.9908805, 1639636317.0121276, 1639636317.0332847, 1639636317.054334, 1639636317.075639, 1639636317.0968494, 1639636317.118175, 1639636317.139341, 1639636317.1603653, 1639636317.1814623, 1639636317.202617], "episode_lengths": [200, 200, 200, 200, 200, 200, 200, 200, 200, 200, 200, 200, 200, 200, 200, 200, 200, 200, 200, 200, 200, 200, 200, 200, 200, 200, 200, 200, 200, 200, 200, 200, 200, 200, 200, 200, 200, 200, 200, 200, 200, 200, 200, 200, 200, 200, 200, 200, 200, 200, 200, 200, 200, 200, 200, 200, 200, 200, 200, 200, 200, 200, 200, 200, 200, 200, 200, 200, 200, 200, 200, 200, 200, 200, 200, 200, 200, 200, 200, 200, 200, 200, 200, 200, 200, 200, 200, 200, 200, 200, 200, 200, 200, 200, 200, 200, 200, 200, 200, 200, 200, 200, 200, 200, 200, 200, 200, 200, 200, 200, 200, 200, 200, 200, 200, 200, 200, 200, 200, 200, 200, 200, 200, 200, 200, 200, 200, 200, 200, 200, 200, 200, 200, 200, 200, 200, 200, 200, 200, 200, 200, 200, 200, 200, 200, 200, 200, 200, 200, 200, 200, 200, 200, 200, 200, 200, 200, 200, 200, 200, 200, 200, 200, 200, 200, 200, 200, 200, 200, 200, 200, 200, 200, 200, 200, 200, 200, 200, 200, 200, 200, 200, 200, 200, 200, 200, 200, 200, 200, 200, 200, 200, 200, 200, 200, 200, 200, 200, 200, 200], "episode_rewards": [-200.0, -200.0, -200.0, -200.0, -200.0, -200.0, -200.0, -200.0, -200.0, -200.0, -200.0, -200.0, -200.0, -200.0, -200.0, -200.0, -200.0, -200.0, -200.0, -200.0, -200.0, -200.0, -200.0, -200.0, -200.0, -200.0, -200.0, -200.0, -200.0, -200.0, -200.0, -200.0, -200.0, -200.0, -200.0, -200.0, -200.0, -200.0, -200.0, -200.0, -200.0, -200.0, -200.0, -200.0, -200.0, -200.0, -200.0, -200.0, -200.0, -200.0, -200.0, -200.0, -200.0, -200.0, -200.0, -200.0, -200.0, -200.0, -200.0, -200.0, -200.0, -200.0, -200.0, -200.0, -200.0, -200.0, -200.0, -200.0, -200.0, -200.0, -200.0, -200.0, -200.0, -200.0, -200.0, -200.0, -200.0, -200.0, -200.0, -200.0, -200.0, -200.0, -200.0, -200.0, -200.0, -200.0, -200.0, -200.0, -200.0, -200.0, -200.0, -200.0, -200.0, -200.0, -200.0, -200.0, -200.0, -200.0, -200.0, -200.0, -200.0, -200.0, -200.0, -200.0, -200.0, -200.0, -200.0, -200.0, -200.0, -200.0, -200.0, -200.0, -200.0, -200.0, -200.0, -200.0, -200.0, -200.0, -200.0, -200.0, -200.0, -200.0, -200.0, -200.0, -200.0, -200.0, -200.0, -200.0, -200.0, -200.0, -200.0, -200.0, -200.0, -200.0, -200.0, -200.0, -200.0, -200.0, -200.0, -200.0, -200.0, -200.0, -200.0, -200.0, -200.0, -200.0, -200.0, -200.0, -200.0, -200.0, -200.0, -200.0, -200.0, -200.0, -200.0, -200.0, -200.0, -200.0, -200.0, -200.0, -200.0, -200.0, -200.0, -200.0, -200.0, -200.0, -200.0, -200.0, -200.0, -200.0, -200.0, -200.0, -200.0, -200.0, -200.0, -200.0, -200.0, -200.0, -200.0, -200.0, -200.0, -200.0, -200.0, -200.0, -200.0, -200.0, -200.0, -200.0, -200.0, -200.0, -200.0, -200.0, -200.0, -200.0, -200.0, -200.0, -200.0, -200.0, -200.0, -200.0], "episode_types": ["t", "t", "t", "t", "t", "t", "t", "t", "t", "t", "t", "t", "t", "t", "t", "t", "t", "t", "t", "t", "t", "t", "t", "t", "t", "t", "t", "t", "t", "t", "t", "t", "t", "t", "t", "t", "t", "t", "t", "t", "t", "t", "t", "t", "t", "t", "t", "t", "t", "t", "t", "t", "t", "t", "t", "t", "t", "t", "t", "t", "t", "t", "t", "t", "t", "t", "t", "t", "t", "t", "t", "t", "t", "t", "t", "t", "t", "t", "t", "t", "t", "t", "t", "t", "t", "t", "t", "t", "t", "t", "t", "t", "t", "t", "t", "t", "t", "t", "t", "t", "t", "t", "t", "t", "t", "t", "t", "t", "t", "t", "t", "t", "t", "t", "t", "t", "t", "t", "t", "t", "t", "t", "t", "t", "t", "t", "t", "t", "t", "t", "t", "t", "t", "t", "t", "t", "t", "t", "t", "t", "t", "t", "t", "t", "t", "t", "t", "t", "t", "t", "t", "t", "t", "t", "t", "t", "t", "t", "t", "t", "t", "t", "t", "t", "t", "t", "t", "t", "t", "t", "t", "t", "t", "t", "t", "t", "t", "t", "t", "t", "t", "t", "t", "t", "t", "t", "t", "t", "t", "t", "t", "t", "t", "t", "t", "t", "t", "t", "t", "t"]}