{"initial_reset_timestamp": 1639404010.071914, "timestamps": [1639404010.0975583, 1639404010.1322725, 1639404010.2329297, 1639404010.2504082, 1639404010.2674675, 1639404010.3248277, 1639404010.3515854, 1639404010.3945315, 1639404010.4171824, 1639404010.484934, 1639404010.5020204, 1639404010.5523305, 1639404010.5843446, 1639404010.6025217, 1639404010.614952, 1639404010.6374042, 1639404010.674111, 1639404010.7280912, 1639404010.74752, 1639404010.7640243, 1639404010.7726321, 1639404010.8321486, 1639404010.8575814, 1639404010.875593, 1639404010.8993413, 1639404010.9083285, 1639404010.9299405, 1639404011.0355825, 1639404011.0591326, 1639404011.0761364, 1639404011.1070673, 1639404011.126881, 1639404011.1450918, 1639404011.1894608, 1639404011.2164009, 1639404011.2304285, 1639404011.2783227, 1639404011.2906008, 1639404011.3374603, 1639404011.3577707, 1639404011.3799055, 1639404011.4004276, 1639404011.4454176, 1639404011.461525, 1639404011.4691162, 1639404011.4831002, 1639404011.5300767, 1639404011.5482137, 1639404011.5648234, 1639404011.6155272], "episode_lengths": [89, 154, 312, 97, 80, 211, 126, 130, 99, 219, 83, 205, 141, 84, 86, 102, 153, 216, 89, 78, 68, 224, 116, 95, 107, 70, 99, 301, 109, 104, 145, 93, 109, 188, 135, 92, 197, 91, 191, 96, 113, 114, 181, 75, 66, 99, 181, 85, 79, 195], "episode_rewards": [-504.37198813758886, -516.3035143132329, -1637.8245703920547, -451.7338399064299, -487.46050325737383, -1207.127256355389, -586.7144649156248, -741.7212954640337, -528.0972729737728, -1025.114132981746, -379.87280524151186, -1158.0566639251874, -508.46895623967606, -592.4514677061013, -123.03585879462305, -636.8676448021622, -580.2517210692812, -1043.3883546561847, -525.3518091813698, -640.330545891755, -153.3966492954297, -1257.9628738283923, -711.8443979359246, -413.437326872529, -751.4494833538201, -146.3395597605105, -558.2527853473562, -1304.8951918307366, -675.5889337259481, -311.6544098387155, -511.9763972869691, -652.0611954475906, -284.826703975987, -1009.832404708661, -510.43264583873713, -317.60857070474503, -1017.7114879009064, -309.11633825318575, -595.2486009536735, -524.5163254257423, -329.2426824470969, -271.2897277680069, -853.2471848554903, -537.6851315745428, -122.48496496181784, -104.10524617799598, -765.798695887115, -620.9908007721091, -594.3322686138224, -1038.0848049110518], "episode_types": ["t", "t", "t", "t", "t", "t", "t", "t", "t", "t", "t", "t", "t", "t", "t", "t", "t", "t", "t", "t", "t", "t", "t", "t", "t", "t", "t", "t", "t", "t", "t", "t", "t", "t", "t", "t", "t", "t", "t", "t", "t", "t", "t", "t", "t", "t", "t", "t", "t", "t"]}