{"initial_reset_timestamp": 1634891063.615349, "timestamps": [1634891064.1519804, 1634891064.3699365, 1634891064.662781, 1634891065.0247614, 1634891065.3077714, 1634891065.7121212, 1634891065.9329362, 1634891066.2581055, 1634891066.5367854, 1634891066.8536322, 1634891067.105863, 1634891067.388261, 1634891067.8374896, 1634891068.197183, 1634891068.4980261, 1634891068.8206937, 1634891069.0323966, 1634891069.6361353, 1634891069.891044, 1634891070.1610355], "episode_lengths": [614, 317, 408, 498, 384, 546, 317, 440, 378, 448, 347, 392, 605, 499, 429, 426, 314, 782, 371, 384], "episode_rewards": [1940.0, 250.0, 400.0, 1090.0, 350.0, 590.0, 240.0, 480.0, 220.0, 750.0, 430.0, 360.0, 750.0, 630.0, 350.0, 440.0, 280.0, 780.0, 240.0, 350.0], "episode_types": ["t", "t", "t", "t", "t", "t", "t", "t", "t", "t", "t", "t", "t", "t", "t", "t", "t", "t", "t", "t", "t"]}