{"initial_reset_timestamp": 1639398015.3888597, "timestamps": [1639398015.4137964, 1639398015.4494061, 1639398015.553085, 1639398015.5708117, 1639398015.588325, 1639398015.6474962, 1639398015.6765988, 1639398015.7197003, 1639398015.7421198, 1639398015.7986178, 1639398015.815857, 1639398015.8669062, 1639398015.898915, 1639398015.9173384, 1639398015.9304442, 1639398015.954606, 1639398015.9923923, 1639398016.0500593, 1639398016.0708098, 1639398016.08774, 1639398028.267876, 1639398028.8237314, 1639398029.7927182, 1639398030.6486623, 1639398031.2850518, 1639398031.9974654, 1639398032.7155573, 1639398033.3995533, 1639398034.244644, 1639398035.2154794, 1639398035.7296433, 1639398036.3538175, 1639398036.9539368, 1639398037.823084, 1639398038.4645393, 1639398039.1407893, 1639398039.9023764, 1639398040.689158, 1639398041.2405703, 1639398042.5592613], "episode_lengths": [89, 154, 312, 97, 80, 211, 126, 130, 99, 219, 83, 205, 141, 84, 86, 102, 153, 216, 89, 78, 999, 999, 999, 999, 999, 999, 999, 999, 999, 999, 999, 999, 999, 999, 999, 999, 999, 999, 999, 999], "episode_rewards": [-504.37198813758886, -516.3035143132329, -1637.8245703920547, -451.7338399064299, -487.46050325737383, -1207.127256355389, -586.7144649156248, -741.7212954640337, -528.0972729737728, -1025.114132981746, -379.87280524151186, -1158.0566639251874, -508.46895623967606, -592.4514677061013, -123.03585879462305, -636.8676448021622, -580.2517210692812, -1043.3883546561847, -525.3518091813698, -640.330545891755, -69.70276410243608, -122.04154424869752, -147.6730211078553, -123.2194566595367, -150.3692874836681, -144.88905883877985, -120.0063067433519, -97.99019089028862, -51.23684908492973, -101.57518026212097, -130.45321173419853, -114.28099188371738, -61.66154702397775, -132.40394571289477, -109.48651559235363, -59.363162872830905, -146.39931629009723, -139.45575395890518, -135.20037932724335, -98.79979317499891], "episode_types": ["t", "t", "t", "t", "t", "t", "t", "t", "t", "t", "t", "t", "t", "t", "t", "t", "t", "t", "t", "t", "t", "t", "t", "t", "t", "t", "t", "t", "t", "t", "t", "t", "t", "t", "t", "t", "t", "t", "t", "t"]}