{"initial_reset_timestamp": 1639632147.9512665, "timestamps": [1639632147.9564342, 1639632147.959591, 1639632147.9638007, 1639632147.9679577, 1639632147.9719872, 1639632147.9754107, 1639632147.978579, 1639632147.9824815, 1639632147.9853575, 1639632147.9893053, 1639632147.9925096, 1639632147.9966738, 1639632148.0005178, 1639632148.0049706, 1639632148.0093358, 1639632148.013165, 1639632148.0167701, 1639632148.0200295, 1639632148.0243049, 1639632148.0276952, 1639632148.0321982, 1639632148.0360982, 1639632148.0394092, 1639632148.042259, 1639632148.0463772, 1639632148.0501184, 1639632148.0537415, 1639632148.0569768, 1639632148.0601242, 1639632148.0647037, 1639632148.0680804, 1639632148.072079, 1639632148.075235, 1639632148.0789108, 1639632148.0818732, 1639632148.0870578, 1639632148.0905442, 1639632148.0955093, 1639632148.099389, 1639632148.1027093, 1639632148.1065876, 1639632148.1102455, 1639632148.1151414, 1639632148.1180222, 1639632148.123143, 1639632148.127409, 1639632148.1316502, 1639632148.1362216, 1639632148.1394076, 1639632148.1439495, 1639632148.1475244, 1639632148.1511674, 1639632148.1550388, 1639632148.1589484, 1639632148.1628182, 1639632148.1665695, 1639632148.171084, 1639632148.175501, 1639632148.179278, 1639632148.1837327, 1639632148.187341, 1639632148.1916847, 1639632148.1945295, 1639632148.1988695, 1639632148.2029123, 1639632148.2067971, 1639632148.2104597, 1639632148.2139857, 1639632148.2170045, 1639632148.2203996, 1639632148.2235966, 1639632148.2267673, 1639632148.2303693, 1639632148.23378, 1639632148.2365966, 1639632148.2400367, 1639632148.2437973, 1639632148.247844, 1639632148.2511113, 1639632148.2551162, 1639632148.2589858, 1639632148.2619073, 1639632148.2648752, 1639632148.2687423, 1639632148.272608, 1639632148.2759378, 1639632148.2788293, 1639632148.2828767, 1639632148.2862809, 1639632148.289301, 1639632148.2931716, 1639632148.2971718, 1639632148.3006783, 1639632148.3037207, 1639632148.306669, 1639632148.310391, 1639632148.3132062, 1639632148.316965, 1639632148.3207135, 1639632148.3238707], "episode_lengths": [11, 9, 11, 11, 11, 8, 9, 9, 9, 10, 10, 10, 12, 11, 12, 11, 9, 10, 11, 11, 11, 11, 10, 9, 10, 10, 10, 9, 9, 12, 11, 11, 10, 10, 9, 12, 11, 11, 11, 9, 10, 10, 12, 9, 13, 11, 12, 11, 10, 11, 10, 10, 10, 11, 10, 11, 11, 12, 10, 12, 10, 11, 9, 10, 12, 10, 10, 10, 9, 10, 10, 9, 11, 10, 9, 10, 12, 12, 10, 12, 12, 9, 9, 12, 12, 10, 9, 12, 11, 9, 12, 12, 11, 9, 9, 12, 9, 12, 12, 10], "episode_rewards": [11.0, 9.0, 11.0, 11.0, 11.0, 8.0, 9.0, 9.0, 9.0, 10.0, 10.0, 10.0, 12.0, 11.0, 12.0, 11.0, 9.0, 10.0, 11.0, 11.0, 11.0, 11.0, 10.0, 9.0, 10.0, 10.0, 10.0, 9.0, 9.0, 12.0, 11.0, 11.0, 10.0, 10.0, 9.0, 12.0, 11.0, 11.0, 11.0, 9.0, 10.0, 10.0, 12.0, 9.0, 13.0, 11.0, 12.0, 11.0, 10.0, 11.0, 10.0, 10.0, 10.0, 11.0, 10.0, 11.0, 11.0, 12.0, 10.0, 12.0, 10.0, 11.0, 9.0, 10.0, 12.0, 10.0, 10.0, 10.0, 9.0, 10.0, 10.0, 9.0, 11.0, 10.0, 9.0, 10.0, 12.0, 12.0, 10.0, 12.0, 12.0, 9.0, 9.0, 12.0, 12.0, 10.0, 9.0, 12.0, 11.0, 9.0, 12.0, 12.0, 11.0, 9.0, 9.0, 12.0, 9.0, 12.0, 12.0, 10.0], "episode_types": ["t", "t", "t", "t", "t", "t", "t", "t", "t", "t", "t", "t", "t", "t", "t", "t", "t", "t", "t", "t", "t", "t", "t", "t", "t", "t", "t", "t", "t", "t", "t", "t", "t", "t", "t", "t", "t", "t", "t", "t", "t", "t", "t", "t", "t", "t", "t", "t", "t", "t", "t", "t", "t", "t", "t", "t", "t", "t", "t", "t", "t", "t", "t", "t", "t", "t", "t", "t", "t", "t", "t", "t", "t", "t", "t", "t", "t", "t", "t", "t", "t", "t", "t", "t", "t", "t", "t", "t", "t", "t", "t", "t", "t", "t", "t", "t", "t", "t", "t", "t"]}