{"initial_reset_timestamp": 1634864867.65572, "timestamps": [1634864868.1034687, 1634864868.3417485, 1634864868.6586902, 1634864869.0545075, 1634864869.3578663, 1634864869.794747, 1634864870.0318482, 1634864870.3815565, 1634864870.6834517], "episode_lengths": [614, 317, 408, 498, 384, 546, 317, 440, 378], "episode_rewards": [1940.0, 250.0, 400.0, 1090.0, 350.0, 590.0, 240.0, 480.0, 220.0], "episode_types": ["t", "t", "t", "t", "t", "t", "t", "t", "t", "t"]}