{"initial_reset_timestamp": 1639362390.9755182, "timestamps": [1639362390.996167], "episode_lengths": [89], "episode_rewards": [-504.37198813758886], "episode_types": ["t"]}