{"initial_reset_timestamp": 1639444242.916629, "timestamps": [1639444242.9211578, 1639444242.924575, 1639444242.930998, 1639444242.936167, 1639444242.938557, 1639444242.9405692, 1639444242.9426298, 1639444242.944779, 1639444242.946652, 1639444242.949491, 1639444242.95537, 1639444242.960501, 1639444242.9654322, 1639444242.9737952, 1639444242.978963, 1639444242.980917, 1639444242.98337, 1639444242.985366, 1639444242.98699, 1639444242.988801], "episode_lengths": [9, 8, 10, 10, 10, 10, 9, 11, 10, 10, 9, 8, 9, 9, 10, 10, 10, 9, 9, 9], "episode_rewards": [9.0, 8.0, 10.0, 10.0, 10.0, 10.0, 9.0, 11.0, 10.0, 10.0, 9.0, 8.0, 9.0, 9.0, 10.0, 10.0, 10.0, 9.0, 9.0, 9.0], "episode_types": ["t", "t", "t", "t", "t", "t", "t", "t", "t", "t", "t", "t", "t", "t", "t", "t", "t", "t", "t", "t"]}