{"initial_reset_timestamp": 1634864952.744835, "timestamps": [1634865240.788333, 1634865241.0287843, 1634865241.34881, 1634865241.7491338, 1634865242.0566106, 1634865242.5037537, 1634865242.739501, 1634865243.073726, 1634865243.3596227, 1634865243.6855967, 1634865243.9455237, 1634865244.2361352, 1634865244.7037055, 1634865245.081691, 1634865245.4137948, 1634865245.7652335, 1634865246.0022771, 1634865246.6770144, 1634865246.956476, 1634865247.2549057, 1634865247.545987, 1634865247.7520585, 1634865248.0521138, 1634865248.364831, 1634865248.9028988, 1634865249.3249233, 1634865249.6498022, 1634865249.9050455, 1634865250.1309135, 1634865250.5397496, 1634865250.8201876, 1634865251.0434952, 1634865251.5063622, 1634865251.910826, 1634865252.4111412, 1634865252.7083778, 1634865252.9604013, 1634865253.1568725, 1634865253.7146034, 1634865253.9809484, 1634865254.3053343, 1634865254.753715, 1634865255.0614338, 1634865255.4177315, 1634865255.851853, 1634865256.15078, 1634865256.6508558, 1634865257.159711, 1634865257.4637604, 1634865257.781169, 1634865258.1172702, 1634865258.4481316, 1634865258.7319498, 1634865259.0638602, 1634865259.377631, 1634865259.6694534, 1634865260.303984, 1634865260.7922995, 1634865261.1397514, 1634865261.4343472, 1634865261.853353, 1634865262.3577166, 1634865262.678228, 1634865262.9151342, 1634865263.2674417, 1634865263.5485594, 1634865263.9651277, 1634865264.1936305, 1634865264.5868297, 1634865265.0094793, 1634865265.5289588, 1634865265.8052583, 1634865266.0676317, 1634865266.3439457, 1634865266.5926316, 1634865267.002591, 1634865267.446836, 1634865267.8486905, 1634865268.1376264, 1634865268.6401381, 1634865269.0137436, 1634865269.2044055, 1634865269.5356212, 1634865269.8195982, 1634865270.117419, 1634865270.5234826, 1634865270.9202685, 1634865271.5193353, 1634865271.8559093, 1634865272.1606722, 1634865272.492626, 1634865272.7817452, 1634865273.1071556, 1634865273.341746, 1634865273.7759137, 1634865274.0504131, 1634865274.3508594, 1634865274.7059953, 1634865274.9368448, 1634865275.1733558, 1634865275.9318411, 1634865276.2483673, 1634865276.5419793, 1634865276.7690845, 1634865277.134283, 1634865277.4271188, 1634865277.7454014, 1634865278.0615866, 1634865278.382123, 1634865278.6997893, 1634865278.8937097, 1634865279.3220613, 1634865279.6033757, 1634865279.9268155, 1634865280.2160833, 1634865280.497327, 1634865280.77812, 1634865281.008543, 1634865281.6238134, 1634865282.2162166, 1634865282.5580282, 1634865282.8102193, 1634865283.1074047, 1634865283.2920883, 1634865283.6189113, 1634865284.0437145, 1634865284.3187554, 1634865284.7805102, 1634865285.134884, 1634865285.70725, 1634865285.9921288, 1634865286.3273125, 1634865286.9662127, 1634865287.2324333, 1634865287.600947, 1634865287.8899095, 1634865288.3422346, 1634865288.7429092, 1634865289.0582023, 1634865289.4951458, 1634865289.7903135, 1634865290.2531106, 1634865290.5595765, 1634865290.8931353, 1634865291.3045259, 1634865291.5990424, 1634865291.8315225, 1634865292.239132, 1634865292.406714, 1634865292.58394, 1634865292.834521, 1634865293.1302502, 1634865293.606116, 1634865293.9049916, 1634865294.2060337, 1634865294.4043174, 1634865294.7653272, 1634865294.9541814, 1634865295.286817, 1634865295.7203126, 1634865296.0190995, 1634865296.3626084, 1634865296.5941257, 1634865297.0546038, 1634865297.3802583, 1634865297.9635384, 1634865298.1942592, 1634865298.7254972, 1634865299.2325823, 1634865299.7162364, 1634865300.1543365, 1634865300.4669056, 1634865300.7657459, 1634865301.016786, 1634865301.270543, 1634865301.6198862, 1634865302.0148215, 1634865302.5526628, 1634865302.8627944, 1634865303.323871, 1634865303.7767737, 1634865304.043416, 1634865304.402687, 1634865304.8908176, 1634865305.2824697, 1634865305.7798812, 1634865306.022032, 1634865306.230686, 1634865306.6352856, 1634865306.9734523, 1634865307.290792, 1634865307.5189838, 1634865307.8718433, 1634865308.0937495, 1634865308.5238464, 1634865308.8381093, 1634865309.217406, 1634865309.5765996, 1634865309.8138845, 1634865310.156125, 1634865310.6296165, 1634865311.1336238, 1634865311.7198637, 1634865311.952744, 1634865312.266253, 1634865312.6669476, 1634865313.1922805, 1634865313.5821989, 1634865314.0491436, 1634865314.321335, 1634865314.579158, 1634865314.7961965, 1634865315.0910163, 1634865315.5097542, 1634865316.1185853, 1634865316.606524, 1634865317.0266309, 1634865317.480315, 1634865318.0788872, 1634865318.4331603, 1634865318.769956, 1634865319.0446036, 1634865319.42402, 1634865319.7808666, 1634865320.0247517, 1634865320.3446093, 1634865320.6058283, 1634865320.8469312, 1634865321.183965, 1634865321.4741986, 1634865321.862227, 1634865322.1412315, 1634865322.4852057, 1634865322.794695, 1634865323.128479, 1634865323.5483582, 1634865323.8003016, 1634865324.0988688, 1634865324.481111, 1634865324.7410915, 1634865325.059734, 1634865325.3425326, 1634865325.621146, 1634865325.8100588, 1634865326.0851574, 1634865326.581401, 1634865326.9641914, 1634865327.2346156, 1634865327.474384, 1634865327.8572447, 1634865328.2506104, 1634865328.5115519, 1634865328.8401525, 1634865329.1620376, 1634865329.3470118, 1634865329.5950134, 1634865329.869229, 1634865330.2065716, 1634865330.490395, 1634865330.8421497, 1634865331.1375225, 1634865331.527825, 1634865331.8842475, 1634865332.4671957, 1634865332.7946477, 1634865333.2145422, 1634865333.4578428, 1634865333.759991, 1634865334.0709078, 1634865334.5331914, 1634865334.904089, 1634865335.1668258, 1634865335.6420422, 1634865335.9729562, 1634865336.3543992, 1634865336.6351078, 1634865337.0668147, 1634865337.358256, 1634865337.595359, 1634865338.0292118, 1634865338.3213713, 1634865338.6084561, 1634865338.7923687, 1634865338.9789042, 1634865339.2850251, 1634865339.8443491, 1634865340.1206028, 1634865340.4839213, 1634865340.7275248, 1634865341.0034149, 1634865341.254837, 1634865341.697304, 1634865342.2885857, 1634865342.5800827, 1634865342.7470222, 1634865343.1042442, 1634865343.490623, 1634865343.8230536, 1634865344.091037, 1634865344.5818565, 1634865344.927089, 1634865345.2542968, 1634865345.4811583, 1634865345.7211063, 1634865346.021328, 1634865346.2752278, 1634865346.6325257, 1634865346.8623118, 1634865347.3684192, 1634865347.6477594, 1634865348.1635015, 1634865348.5672207, 1634865348.9146597, 1634865349.1608171, 1634865349.4218087, 1634865349.7547011, 1634865350.1670177, 1634865350.4200983, 1634865350.9296467, 1634865351.192596, 1634865351.5123227, 1634865351.8514717, 1634865352.0391219, 1634865352.268387, 1634865352.538862, 1634865352.8334715, 1634865353.1422603, 1634865353.4953885, 1634865353.903633, 1634865354.176484, 1634865354.4359365, 1634865354.7761946, 1634865355.0421655, 1634865355.3420572, 1634865355.6784844, 1634865356.1424868, 1634865356.5157852, 1634865356.979424, 1634865357.3400621, 1634865357.6504357, 1634865358.0591838, 1634865358.3522086, 1634865358.6905968, 1634865358.9006631, 1634865359.2359912, 1634865359.518129, 1634865359.8105636, 1634865360.1130886, 1634865360.4089055, 1634865360.646699, 1634865361.5978177, 1634865361.961688, 1634865362.2864602, 1634865362.547866, 1634865362.9729261, 1634865363.1612334, 1634865363.520583, 1634865363.7093184, 1634865364.21773, 1634865364.7747436, 1634865365.0336998, 1634865365.2538204, 1634865365.5054991, 1634865365.810956, 1634865366.186733, 1634865366.530043, 1634865366.9112875, 1634865367.2845404, 1634865367.6068106, 1634865367.9515219, 1634865368.2187922, 1634865368.5263445, 1634865368.746198, 1634865369.0161145, 1634865369.437273, 1634865369.8266852, 1634865370.4310465, 1634865370.7120771, 1634865371.0604124, 1634865371.3993428, 1634865371.6883383, 1634865372.1392925, 1634865372.54924, 1634865372.8796318, 1634865373.2552483, 1634865373.4818752, 1634865373.7922254, 1634865374.2301333, 1634865374.5606065, 1634865374.970937, 1634865375.30607, 1634865375.5900948, 1634865375.906869, 1634865376.2756183, 1634865376.584745, 1634865377.0479677, 1634865377.5181196, 1634865377.8998587, 1634865378.113951, 1634865378.460307, 1634865378.796604, 1634865379.1695318, 