{"initial_reset_timestamp": 1639405629.329863, "timestamps": [1639405629.349417, 1639405629.3841317, 1639405629.4842916, 1639405629.501577, 1639405629.5185227, 1639405629.5756693, 1639405629.600102, 1639405629.6286175, 1639405629.6501963, 1639405629.7044966, 1639405629.7211368, 1639405629.7706904, 1639405629.8024042, 1639405629.8203394, 1639405629.8324966, 1639405629.8547623, 1639405629.891488, 1639405629.9463046, 1639405629.9662125, 1639405629.9831474], "episode_lengths": [89, 154, 312, 97, 80, 211, 126, 130, 99, 219, 83, 205, 141, 84, 86, 102, 153, 216, 89, 78], "episode_rewards": [-504.37198813758886, -516.3035143132329, -1637.8245703920547, -451.7338399064299, -487.46050325737383, -1207.127256355389, -586.7144649156248, -741.7212954640337, -528.0972729737728, -1025.114132981746, -379.87280524151186, -1158.0566639251874, -508.46895623967606, -592.4514677061013, -123.03585879462305, -636.8676448021622, -580.2517210692812, -1043.3883546561847, -525.3518091813698, -640.330545891755], "episode_types": ["t", "t", "t", "t", "t", "t", "t", "t", "t", "t", "t", "t", "t", "t", "t", "t", "t", "t", "t", "t"]}