{"initial_reset_timestamp": 1634864881.453176, "timestamps": [1634864881.900866, 1634864882.1347256, 1634864882.4459226, 1634864882.8355002, 1634864883.1323557, 1634864883.561076, 1634864883.7962422, 1634864884.147389, 1634864884.4433205, 1634864884.7822456, 1634864885.048887, 1634864885.3495479, 1634864885.833949, 1634864886.2189076, 1634864886.5402155, 1634864886.8828375, 1634864887.1036916, 1634864887.7448103, 1634864888.013349, 1634864888.302124, 1634864888.585897, 1634864888.803186, 1634864889.1209707, 1634864889.4221961, 1634864889.9458494, 1634864890.3505945, 1634864890.6684866, 1634864890.9136436, 1634864891.134769, 1634864891.52778, 1634864891.7996666, 1634864892.0136523, 1634864892.4655902, 1634864892.8523157, 1634864893.330999, 1634864893.611772, 1634864893.8518708, 1634864894.0417705, 1634864894.5860384, 1634864894.8416798, 1634864895.1490977, 1634864895.590128, 1634864895.8872263, 1634864896.2367086, 1634864896.6513295, 1634864896.9374907, 1634864897.4227471, 1634864897.9198983, 1634864898.21016, 1634864898.5152373, 1634864898.836778, 1634864899.1604602, 1634864899.4313917, 1634864899.7547395, 1634864900.0508962, 1634864900.3250496, 1634864900.9364157, 1634864901.4110205, 1634864901.7453477, 1634864902.02774, 1634864902.4364078, 1634864902.9237475, 1634864903.2325919, 1634864903.464261, 1634864903.8055007, 1634864904.0824144, 1634864904.4838736, 1634864904.7052217, 1634864905.0862134, 1634864905.5113566, 1634864906.033863, 1634864906.306505, 1634864906.566732, 1634864906.8426957, 1634864907.0887668, 1634864907.497924, 1634864907.9357631, 1634864908.3380318, 1634864908.6245475, 1634864909.1228473, 1634864909.4941072, 1634864909.676506, 1634864910.0219955, 1634864910.3030288, 1634864910.5946233, 1634864910.9893715, 1634864911.3768227, 1634864911.972859, 1634864912.3085363, 1634864912.6112342, 1634864912.9568949, 1634864913.252182, 1634864913.567064, 1634864913.7941806, 1634864914.224725, 1634864914.493512, 1634864914.7926006, 1634864915.1459107, 1634864915.373971, 1634864915.602115, 1634864916.3391383, 1634864916.6791823, 1634864916.981104, 1634864917.2228265, 1634864917.618191, 1634864917.9360044, 1634864918.2775009, 1634864918.6208804, 1634864918.9672952, 1634864919.3044765, 1634864919.5115724, 1634864919.9669285, 1634864920.2687228, 1634864920.6113286, 1634864920.9238253, 1634864921.2243843, 1634864921.524382, 1634864921.7760458, 1634864922.435602, 1634864923.0686219, 1634864923.431169, 1634864923.6990905, 1634864924.0146601, 1634864924.2094207, 1634864924.5574095, 1634864925.0036614, 1634864925.2905488, 1634864925.7441964, 1634864926.0934138, 1634864926.657738, 1634864926.9344628, 1634864927.2663898, 1634864927.90577, 1634864928.1619918, 1634864928.5276816, 1634864928.816972, 1634864929.263437, 1634864929.657063, 1634864929.959573, 1634864930.3918164, 1634864930.7050385, 1634864931.1891754, 1634864931.5143123, 1634864931.8689227, 1634864932.299094, 1634864932.6089706, 1634864932.8522441, 1634864933.283797, 1634864933.461181, 1634864933.6493824, 1634864933.9151213, 1634864934.228263, 1634864934.7303414, 1634864935.050756, 1634864935.3744981, 1634864935.5904417, 1634864935.98041, 1634864936.1807864, 1634864936.5320938, 1634864936.993844, 1634864937.3092203, 1634864937.668147, 1634864937.9136972, 1634864938.3998027, 1634864938.7448156, 1634864939.3577626, 1634864939.5996213], "episode_lengths": [614, 317, 408, 498, 384, 546, 317, 440, 378, 448, 347, 392, 605, 499, 429, 426, 314, 782, 371, 384, 358, 294, 398, 374, 653, 525, 421, 317, 299, 493, 354, 288, 560, 502, 594, 379, 318, 261, 675, 350, 403, 546, 381, 437, 525, 394, 598, 600, 374, 386, 418, 413, 349, 408, 392, 368, 754, 590, 424, 366, 504, 613, 395, 306, 419, 354, 510, 306, 486, 506, 624, 349, 314, 366, 323, 494, 549, 494, 342, 600, 456, 251, 430, 354, 357, 493, 485, 698, 400, 389, 430, 371, 395, 291, 523, 349, 373, 429, 288, 290, 874, 408, 376, 304, 467, 392, 408, 418, 429, 424, 277, 544, 382, 429, 378, 379, 379, 328, 782, 742, 438, 350, 394, 262, 419, 531, 368, 539, 414, 678, 365, 414, 760, 333, 446, 378, 542, 478, 389, 523, 374, 584, 395, 429, 533, 394, 307, 526, 240, 251, 331, 378, 611, 392, 403, 275, 462, 269, 437, 546, 397, 450, 317, 587, 435, 731, 330], "episode_rewards": [1940.0, 250.0, 400.0, 1090.0, 350.0, 590.0, 240.0, 480.0, 220.0, 750.0, 430.0, 360.0, 750.0, 630.0, 350.0, 440.0, 280.0, 780.0, 240.0, 350.0, 310.0, 320.0, 390.0, 240.0, 940.0, 540.0, 400.0, 240.0, 280.0, 1160.0, 490.0, 300.0, 850.0, 590.0, 790.0, 350.0, 220.0, 210.0, 970.0, 340.0, 370.0, 740.0, 300.0, 400.0, 580.0, 360.0, 1960.0, 1130.0, 430.0, 480.0, 380.0, 470.0, 450.0, 300.0, 500.0, 450.0, 1640.0, 900.0, 390.0, 330.0, 370.0, 730.0, 580.0, 230.0, 410.0, 390.0, 470.0, 280.0, 690.0, 690.0, 1440.0, 320.0, 210.0, 470.0, 270.0, 620.0, 610.0, 1930.0, 280.0, 720.0, 830.0, 240.0, 440.0, 340.0, 330.0, 620.0, 340.0, 1230.0, 1010.0, 540.0, 550.0, 270.0, 290.0, 340.0, 580.0, 330.0, 350.0, 260.0, 280.0, 210.0, 1060.0, 330.0, 290.0, 220.0, 810.0, 290.0, 450.0, 360.0, 550.0, 300.0, 190.0, 630.0, 410.0, 730.0, 450.0, 360.0, 330.0, 330.0, 1020.0, 880.0, 320.0, 390.0, 370.0, 220.0, 500.0, 480.0, 310.0, 630.0, 370.0, 1690.0, 370.0, 430.0, 1100.0, 240.0, 510.0, 310.0, 740.0, 500.0, 400.0, 580.0, 350.0, 1250.0, 400.0, 480.0, 500.0, 370.0, 270.0, 580.0, 140.0, 200.0, 300.0, 550.0, 1250.0, 380.0, 410.0, 220.0, 410.0, 210.0, 380.0, 560.0, 530.0, 380.0, 220.0, 680.0, 410.0, 1450.0, 210.0], "episode_types": ["t", "t", "t", "t", "t", "t", "t", "t", "t", "t", "t", "t", "t", "t", "t", "t", "t", "t", "t", "t", "t", "t", "t", "t", "t", "t", "t", "t", "t", "t", "t", "t", "t", "t", "t", "t", "t", "t", "t", "t", "t", "t", "t", "t", "t", "t", "t", "t", "t", "t", "t", "t", "t", "t", "t", "t", "t", "t", "t", "t", "t", "t", "t", "t", "t", "t", "t", "t", "t", "t", "t", "t", "t", "t", "t", "t", "t", "t", "t", "t", "t", "t", "t", "t", "t", "t", "t", "t", "t", "t", "t", "t", "t", "t", "t", "t", "t", "t", "t", "t", "t", "t", "t", "t", "t", "t", "t", "t", "t", "t", "t", "t", "t", "t", "t", "t", "t", "t", "t", "t", "t", "t", "t", "t", "t", "t", "t", "t", "t", "t", "t", "t", "t", "t", "t", "t", "t", "t", "t", "t", "t", "t", "t", "t", "t", "t", "t", "t", "t", "t", "t", "t", "t", "t", "t", "t", "t", "t", "t", "t", "t", "t", "t", "t", "t", "t", "t", "t"]}