{"initial_reset_timestamp": 1634944987.6140156, "timestamps": [1634944987.6544015, 1634944987.6701522, 1634944987.6939843, 1634944987.7102482, 1634944987.7290168, 1634944987.793013, 1634944987.816256, 1634944987.8394206, 1634944987.863933, 1634944987.9282534, 1634944988.074823, 1634944988.175227], "episode_lengths": [88, 79, 111, 76, 88, 225, 105, 106, 111, 94, 186, 132], "episode_rewards": [-118.11052540749041, -327.4153117394716, -354.6920458658159, -190.83773926341078, -207.80777025642857, -386.7474812194821, -224.96909550429527, -238.13143115049735, -316.07740688254773, -327.35955444447825, -418.2550240651285, 150.15998731427663], "episode_types": ["t", "t", "t", "t", "t", "t", "t", "t", "t", "t", "t", "t", "t"]}