{"initial_reset_timestamp": 1639631106.4999883, "timestamps": [1639631106.5029206, 1639631106.504689, 1639631106.5066183, 1639631106.5088046, 1639631106.510679, 1639631106.5123956, 1639631106.5149968, 1639631106.5169225, 1639631106.5189764, 1639631106.5210898, 1639631106.522829, 1639631106.52504, 1639631106.5271988, 1639631106.529309, 1639631106.5310333, 1639631106.5329154, 1639631106.5346513, 1639631106.5367641, 1639631106.5386887, 1639631106.5407054, 1639631106.5428145, 1639631106.5447354, 1639631106.546622, 1639631106.5485528, 1639631106.5506258, 1639631106.5521667, 1639631106.5538292, 1639631106.556021, 1639631106.557748, 1639631106.559471, 1639631106.561396, 1639631106.5635185, 1639631106.5652542, 1639631106.5671642, 1639631106.5688949, 1639631106.5707262, 1639631106.5722692, 1639631106.5741906, 1639631106.5759397, 1639631106.5776777, 1639631106.5792172, 1639631106.580945, 1639631106.5826623, 1639631106.5845857, 1639631106.5863132, 1639631106.5882294, 1639631106.5901463, 1639631106.5917904, 1639631106.5933325, 1639631106.595256, 1639631106.5971928, 1639631106.5987272, 1639631106.6004572, 1639631106.6023693, 1639631106.6042929, 1639631106.6062562, 1639631106.608185, 1639631106.6097264, 1639631106.6116397, 1639631106.6137457, 1639631106.615656, 1639631106.6175854, 1639631106.619497, 1639631106.6212368, 1639631106.6229527, 1639631106.6248696, 1639631106.6267772, 1639631106.6285052, 1639631106.6304188, 1639631106.6323442, 1639631106.634421, 1639631106.636352, 1639631106.6384802, 1639631106.640401, 1639631106.6421196, 1639631106.6440346, 1639631106.6459563, 1639631106.6476839, 1639631106.6492264, 1639631106.6509454, 1639631106.6526735, 1639631106.6545823, 1639631106.6565185, 1639631106.6582377, 1639631106.659771, 1639631106.661504, 1639631106.6632216, 1639631106.6651418, 1639631106.6668625, 1639631106.6685967, 1639631106.670533, 1639631106.6726582, 1639631106.6746686, 1639631106.6765924, 1639631106.6783183, 1639631106.6800466, 1639631106.6815805, 1639631106.6834843, 1639631106.685268, 1639631106.6869829, 1639631117.9156582, 1639631117.9484577, 1639631117.9848702, 1639631118.0335708, 1639631118.0715199, 1639631118.1192355, 1639631118.1595457, 1639631118.1935947, 1639631118.2369862, 1639631118.2758126, 1639631118.3172677, 1639631118.3588848, 1639631118.392694, 1639631118.4276893, 1639631118.4686995, 1639631118.5129354, 1639631118.5540895, 1639631118.589067, 1639631118.6282473, 1639631118.6667354, 1639631118.7028503, 1639631118.7369835, 1639631118.7778778, 1639631118.814613, 1639631118.8497634, 1639631118.8869932, 1639631118.917536, 1639631118.945591, 1639631118.975699, 1639631119.009392, 1639631119.0513546, 1639631119.085325, 1639631119.1213217, 1639631119.176255, 1639631119.2252235, 1639631119.26413, 1639631119.307415, 1639631119.3550918, 1639631119.4082906, 1639631119.4579704, 1639631119.4864318, 1639631119.5203114, 1639631119.5855336, 1639631119.6417282, 1639631119.6897259, 1639631119.7442114, 1639631119.7961774, 1639631119.8423698, 1639631119.8905685, 1639631119.9474728, 1639631119.9952624, 1639631120.0484662, 1639631120.0957153, 1639631120.1611905, 1639631120.2267253, 1639631120.2729638, 1639631120.3293216, 1639631120.3944829, 1639631120.444327, 1639631120.4970007, 1639631120.5497663, 1639631120.598579, 1639631120.6639369, 1639631120.714292, 1639631120.7642927, 1639631120.8102975, 1639631120.8575761, 1639631120.9155135, 1639631120.9718468, 1639631121.026088, 1639631121.072459, 1639631121.1176167, 1639631121.1711025, 1639631121.2283041, 1639631121.2795382, 1639631121.3317883, 1639631121.3812425, 1639631121.4293003, 1639631121.4797752, 1639631121.5345669, 1639631121.588852, 1639631121.6542668, 1639631121.7103305, 1639631121.7661977, 1639631121.8193855, 1639631121.8673887, 1639631121.9172602, 1639631121.9677038, 1639631122.025447, 1639631122.0748427, 1639631122.1271284, 1639631122.1776414, 1639631122.2346447, 1639631122.2881935, 1639631122.337572, 1639631122.385245, 1639631122.4348762, 1639631122.4792094, 1639631122.5391872, 1639631122.5967877, 1639631140.951338, 1639631140.977767, 1639631141.002944, 1639631141.0397618, 1639631141.0659635, 1639631141.092879, 1639631141.1196954, 1639631141.1581523, 1639631141.1941125, 1639631141.2200086, 1639631141.2458475, 1639631141.2712584, 1639631141.296587, 1639631141.3223608, 1639631141.3565347, 1639631141.3937628, 1639631141.4290917, 1639631141.4642613, 1639631141.4882684, 1639631141.5120318, 1639631141.5379493, 1639631141.5650516, 1639631141.6056395, 1639631141.6458395, 1639631141.6703646, 1639631141.695864, 1639631141.723287, 1639631141.7616994, 1639631141.8018851, 1639631141.8266857, 1639631141.8648906, 1639631141.892518, 1639631141.9273136, 1639631141.955336, 1639631141.9792147, 1639631142.0169082, 1639631142.0446362, 1639631142.0816438, 1639631142.1072116, 1639631142.1430776, 1639631142.1680717, 1639631142.2077625, 1639631142.234227, 1639631142.2711556, 1639631142.2957706, 1639631142.3218298, 1639631142.3574622, 1639631142.382411, 1639631142.4202287, 1639631142.4453397, 1639631142.483191, 1639631142.511237, 1639631142.54863, 1639631142.5749836, 1639631142.6153677, 1639631142.6413882, 1639631142.6688912, 1639631142.6956608, 1639631142.7226853, 1639631142.762544, 1639631142.7876933, 1639631142.8154504, 1639631142.8386767, 1639631142.8646545, 1639631142.903128, 1639631142.9280925, 1639631142.9677398, 1639631142.996358, 1639631143.0225506, 1639631143.0494332, 1639631143.0728314, 1639631143.1103368, 1639631143.1364493, 1639631143.1618237, 1639631143.1867998, 1639631143.2159815, 1639631143.252766, 1639631143.2803075, 1639631143.3200903, 1639631143.343518, 1639631143.3820584, 1639631143.4052794, 1639631143.4302096, 1639631143.4558978, 1639631143.494359, 1639631143.5338075, 1639631143.5698023, 1639631143.6092236, 1639631143.647282, 1639631143.683725, 1639631143.7119572, 1639631143.740569, 1639631143.7637897, 1639631143.7913425, 1639631143.830982, 1639631143.8568928, 1639631143.8814087, 1639631143.9073164, 1639631143.9348574, 1639631143.9723585], "episode_lengths": [10, 9, 10, 10, 9, 8, 11, 10, 10, 10, 8, 11, 9, 9, 9, 9, 9, 9, 10, 10, 9, 10, 9, 10, 9, 8, 8, 10, 9, 9, 10, 10, 9, 10, 9, 9, 8, 10, 9, 9, 8, 9, 9, 10, 9, 10, 10, 8, 8, 10, 10, 8, 9, 10, 10, 9, 10, 8, 10, 11, 10, 10, 10, 9, 9, 10, 10, 9, 10, 10, 10, 10, 10, 10, 9, 10, 10, 9, 8, 9, 9, 10, 10, 9, 8, 9, 9, 10, 9, 9, 10, 10, 9, 10, 9, 9, 8, 10, 8, 9, 172, 137, 155, 200, 157, 194, 166, 152, 184, 155, 175, 166, 136, 145, 163, 182, 172, 164, 179, 199, 170, 161, 196, 169, 157, 181, 144, 141, 148, 155, 190, 159, 172, 183, 163, 130, 144, 159, 177, 194, 144, 177, 200, 170, 146, 166, 159, 141, 147, 175, 146, 163, 145, 200, 200, 142, 173, 200, 153, 162, 162, 149, 200, 154, 154, 140, 145, 179, 173, 167, 142, 140, 161, 175, 157, 160, 152, 148, 155, 169, 166, 200, 171, 172, 163, 154, 159, 155, 176, 152, 160, 156, 175, 165, 152, 147, 152, 137, 185, 176, 74, 80, 78, 115, 82, 85, 83, 119, 112, 81, 80, 80, 79, 80, 108, 116, 110, 110, 75, 76, 81, 84, 127, 125, 77, 78, 83, 119, 126, 78, 120, 85, 109, 87, 74, 117, 87, 116, 80, 112, 78, 124, 82, 116, 77, 81, 112, 78, 118, 79, 117, 87, 116, 83, 125, 80, 85, 83, 85, 124, 78, 86, 72, 79, 119, 78, 121, 88, 82, 84, 72, 117, 81, 78, 77, 91, 114, 85, 124, 72, 116, 72, 78, 81, 122, 122, 112, 123, 117, 113, 88, 89, 72, 86, 123, 80, 76, 82, 86, 117],