{"initial_reset_timestamp": 1639426607.829414, "timestamps": [1639426607.832101, 1639426607.834451, 1639426607.83796, 1639426607.83993, 1639426607.8445241, 1639426607.851498, 1639426607.854346, 1639426607.856531, 1639426607.860201, 1639426607.862663, 1639426607.8678021, 1639426607.8704278, 1639426607.8752708, 1639426607.882941, 1639426607.887778, 1639426607.8905861, 1639426607.898062, 1639426607.901626, 1639426607.9049652, 1639426607.910086, 1639426607.912477, 1639426607.918832, 1639426607.923841, 1639426607.927617, 1639426607.930688, 1639426607.9363232, 1639426607.9384499, 1639426607.9429288, 1639426607.945576, 1639426607.947326, 1639426607.94998, 1639426607.9527612, 1639426607.957407, 1639426607.962156, 1639426607.964565, 1639426607.9721038, 1639426607.975081, 1639426607.9812999, 1639426607.9901838, 1639426607.992251, 1639426607.996066, 1639426607.998719, 1639426608.024554, 1639426608.072727, 1639426608.108512, 1639426608.152684, 1639426608.16713, 1639426608.186778, 1639426608.208666, 1639426608.23807, 1639426608.251505, 1639426608.289768, 1639426608.358073, 1639426608.378487, 1639426608.474779, 1639426608.492225, 1639426608.523796, 1639426608.563137, 1639426608.579575, 1639426608.6226351, 1639426608.659343, 1639426608.6736991, 1639426608.723225, 1639426608.7609768, 1639426608.775813, 1639426608.7968159, 1639426608.825405, 1639426608.844977, 1639426608.868377, 1639426608.891465, 1639426608.910961, 1639426608.955795, 1639426608.971353, 1639426609.0124228, 1639426609.054668, 1639426609.1122491, 1639426609.138227, 1639426609.158392, 1639426609.175188, 1639426609.201988, 1639426609.2155058, 1639426609.2520142, 1639426609.282078, 1639426609.3166678, 1639426609.336436, 1639426609.3674939, 1639426609.3987641, 1639426609.422521, 1639426609.44669, 1639426609.530774, 1639426609.635697, 1639426609.675214, 1639426609.700365, 1639426609.726193, 1639426609.749581, 1639426609.814307, 1639426609.858677, 1639426609.8853629, 1639426609.9275, 1639426609.975313, 1639426609.999561, 1639426610.0311198, 1639426610.1081831, 1639426610.1469178, 1639426610.170532, 1639426610.210654, 1639426610.249872, 1639426610.2719848, 1639426610.305784, 1639426610.330119, 1639426610.3761091, 1639426610.402695, 1639426610.499019, 1639426610.5236459, 1639426610.545918, 1639426610.599217, 1639426610.642561, 1639426610.699807, 1639426610.733548, 1639426610.754354, 1639426610.7682712, 1639426610.798042, 1639426610.821532, 1639426610.841983, 1639426610.8726442, 1639426610.898591, 1639426610.922248, 1639426610.946229, 1639426610.984425, 1639426611.011125, 1639426611.031456, 1639426611.049901, 1639426611.0741398, 1639426611.1111932, 1639426611.131851, 1639426611.159464, 1639426611.1816802, 1639426611.205618, 1639426611.257174, 1639426611.289833, 1639426611.313487, 1639426611.358937, 1639426611.5121121, 1639426611.5678039, 1639426611.618747, 1639426611.6786492, 1639426611.697647, 1639426611.722698, 1639426611.762111, 1639426611.799235, 1639426611.826123, 1639426611.849791, 1639426611.870785, 1639426611.892156, 1639426611.918328, 1639426611.980494, 1639426611.9975638, 1639426612.0356832, 1639426612.092606, 1639426612.114651, 1639426612.1482282, 1639426612.1631858, 1639426612.181912, 1639426612.202955, 1639426612.231759, 1639426612.311869, 1639426612.340657, 1639426612.3924448, 1639426612.409055, 1639426612.4442592, 1639426612.4580832, 1639426612.491051, 1639426612.54883, 1639426612.577436, 1639426612.595226, 1639426612.709861, 1639426612.729224, 1639426612.790006, 1639426612.81351, 1639426612.8598962, 1639426612.903378, 1639426612.9438741, 1639426612.96099, 1639426613.0655391, 1639426613.093566, 1639426613.1113331, 1639426613.177505, 1639426613.199743, 1639426613.216929, 1639426613.237691, 1639426613.2740932, 1639426613.320456, 1639426613.361514, 1639426613.3811579, 1639426613.416736, 1639426613.443033, 1639426613.475332, 1639426613.492893, 1639426613.518324, 1639426613.550838, 1639426613.582092, 1639426613.6051111, 1639426613.69368, 1639426613.7140539, 1639426613.7460759, 1639426613.7890618, 1639426613.839797, 1639426613.8796601, 1639426613.9425762, 1639426613.958922, 1639426613.976423, 1639426614.009755, 1639426614.034053, 1639426614.0503721, 1639426614.0797849, 1639426614.10657, 1639426614.153285, 1639426614.169694, 1639426614.191176, 1639426614.206485, 1639426614.289563, 1639426614.3058088, 1639426614.3289459, 1639426614.3769689, 1639426614.4151318, 1639426614.462992, 1639426614.533939], "episode_lengths": [16, 22, 16, 11, 26, 38, 17, 13, 22, 15, 28, 16, 28, 40, 28, 16, 43, 17, 19, 30, 14, 37, 29, 22, 18, 32, 12, 27, 15, 9, 16, 17, 28, 28, 14, 45, 18, 37, 54, 12, 23, 15, 27, 31, 23, 23, 10, 13, 14, 19, 9, 27, 46, 12, 62, 10, 21, 26, 11, 29, 24, 10, 34, 26, 10, 14, 17, 13, 15, 16, 10, 29, 11, 28, 28, 39, 18, 13, 11, 17, 9, 24, 20, 22, 13, 21, 21, 12, 15, 20, 28, 17, 15, 15, 12, 39, 29, 17, 24, 31, 16, 20, 47, 25, 14, 26, 24, 14, 21, 16, 30, 13, 40, 14, 12, 33, 27, 37, 23, 13, 9, 18, 12, 14, 20, 17, 15, 15, 25, 17, 13, 11, 14, 22, 12, 18, 13, 14, 33, 20, 13, 14, 33, 12, 27, 39, 12, 16, 25, 24, 16, 13, 14, 14, 17, 40, 11, 24, 36, 15, 21, 10, 12, 14, 19, 53, 17, 34, 11, 19, 9, 20, 38, 20, 11, 74, 12, 39, 15, 30, 29, 24, 12, 70, 17, 10, 35, 14, 12, 14, 23, 30, 24, 12, 24, 15, 21, 10, 17, 19, 20, 15, 57, 13, 20, 27, 31, 27, 39, 10, 11, 21, 15, 10, 18, 17, 28, 10, 13, 10, 53, 9, 15, 31, 25, 30, 44], "episode_rewards": [16.0, 22.0, 16.0, 11.0, 26.0, 38.0, 17.0, 13.0, 22.0, 15.0, 28.0, 16.0, 28.0, 40.0, 28.0, 16.0, 43.0, 17.0, 19.0, 30.0, 14.0, 37.0, 29.0, 22.0, 18.0, 32.0, 12.0, 27.0, 15.0, 9.0, 16.0, 17.0, 28.0, 28.0, 14.0, 45.0, 18.0, 37.0, 54.0, 12.0, 23.0, 15.0, 27.0, 31.0, 23.0, 23.0, 10.0, 13.0, 14.0, 19.0, 9.0, 27.0, 46.0, 12.0, 62.0, 10.0, 21.0, 26.0, 11.0, 29.0, 24.0, 10.0, 34.0, 26.0, 10.0, 14.0, 17.0, 13.0, 15.0, 16.0, 10.0, 29.0, 11.0, 28.0, 28.0, 39.0, 18.0, 13.0, 11.0, 17.0, 9.0, 24.0, 20.0, 22.0, 13.0, 21.0, 21.0, 12.0, 15.0, 20.0, 28.0, 17.0, 15.0, 15.0, 12.0, 39.0, 29.0, 17.0, 24.0, 31.0, 16.0, 20.0, 47.0, 25.0, 14.0, 26.0, 24.0, 14.0, 21.0, 16.0, 30.0, 13.0, 40.0, 14.0, 12.0, 33.0, 27.0, 37.0, 23.0, 13.0, 9.0, 18.0, 12.0, 14.0, 20.0, 17.0, 15.0, 15.0, 25.0, 17.0, 13.0, 11.0, 14.0, 22.0, 12.0, 18.0, 13.0, 14.0, 33.0, 20.0, 13.0, 14.0, 33.0, 12.0, 27.0, 39.0, 12.0, 16.0, 25.0, 24.0, 16.0, 13.0, 14.0, 14.0, 17.0, 40.0, 11.0, 24.0, 36.0, 15.0, 21.0, 10.0, 12.0, 14.0, 19.0, 53.0, 17.0, 34.0, 11.0, 19.0, 9.0, 20.0, 38.0, 20.0, 11.0, 74.0, 12.0, 39.0, 15.0, 30.0, 29.0, 24.0, 12.0, 70.0, 17.0, 10.0, 35.0, 14.0, 12.0, 14.0, 23.0, 30.0, 24.0, 12.0, 24.0, 15.0, 21.0, 10.0, 17.0, 19.0, 20.0, 15.0, 57.0, 13.0, 20.0, 27.0, 31.0, 27.0, 39.0, 10.0, 11.0, 21.0, 15.0, 10.0, 18.0, 17.0, 28.0, 10.0, 13.0, 10.0, 53.0, 9.0, 15.0, 31.0, 25.0, 30.0, 44.0], "episode_types": ["t", "t", "t", "t", "t", "t", "t", "t", "t", "t", "t", "t", "t", "t", "t", "t", "t", "t", "t", "t", "t", "t", "t", "t", "t", "t", "t", "t", "t", "t", "t", "t", "t", "t", "t", "t", "t", "t", "t", "t", "t", "t", "t", "t", "t", "t", "t", "t", "t", "t", "t", "t", "t", "t", "t", "t", "t", "t", "t", "t", "t", "t", "t", "t", "t", "t", "t", "t", "t", "t", "t", "t", "t", "t", "t", "t", "t", "t", "t", "t", "t", "t", "t", "t", "t", "t", "t", "t", "t", "t", "t", "t", "t", "t", "t", "t", "t", "t", "t", "t", "t", "t", "t", "t", "t", "t", "t", "t", "t", "t", "t", "t", "t", "t", "t", "t", "t", "t", "t", "t", "t", "t", "t", "t", "t", "t", "t", "t", "t", "t", "t", "t", "t", "t", "t", "t", "t", "t", "t", "t", "t", "t", "t", "t", "t", "t", "t", "t", "t", "t", "t", "t", "t", "t", "t", "t", "t", "t", "t", "t", "t", "t", "t", "t", "t", "t", "t", "t", "t", "t", "t", "t", "t", "t", "t", "t", "t", "t", "t", "t", "t", "t", "t", "t", "t", "t", "t", "t", "t", "t", "t", "t", "t", "t", "t", "t", "t", "t", "t", "t", "t", "t", "t", "t", "t", "t", "t", "t", "t", "t", "t", "t", "t", "t", "t", "t", "t", "t", "t", "t", "t", "t", "t", "t", "t", "t", "t", "t"]}