{"initial_reset_timestamp": 1639632157.92645, "timestamps": [1639632157.9313834, 1639632157.933925, 1639632157.936971, 1639632157.9402723, 1639632157.9438033, 1639632157.9472675, 1639632157.9501357, 1639632157.9543865, 1639632157.9579918, 1639632157.9612284, 1639632157.964084, 1639632157.9666293, 1639632157.9695263, 1639632157.9723392, 1639632157.975587, 1639632157.9786532, 1639632157.9818745, 1639632157.9846685, 1639632157.9874845, 1639632157.9904988, 1639632157.9930234, 1639632157.9958193, 1639632157.9985101, 1639632158.0020204, 1639632158.0053036, 1639632158.0081408, 1639632158.010897, 1639632158.013841, 1639632158.0170622, 1639632158.0199237, 1639632158.0227869, 1639632158.0259001, 1639632158.0287223, 1639632158.0312366, 1639632158.0337512, 1639632158.0362763, 1639632158.0391192, 1639632158.042276, 1639632158.0456457, 1639632158.0487163, 1639632158.0515265, 1639632158.0546799, 1639632158.0578568, 1639632158.0609362, 1639632158.0637207, 1639632158.0666137, 1639632158.0697448, 1639632158.0727022, 1639632158.0754275, 1639632158.0791912, 1639632158.0822687, 1639632158.0850859, 1639632158.0878804, 1639632158.0906794, 1639632158.0935855, 1639632158.096504, 1639632158.0996196, 1639632158.103141, 1639632158.1057394, 1639632158.1089568, 1639632158.1118114, 1639632158.1146646, 1639632158.1175182, 1639632158.1206322, 1639632158.1240344, 1639632158.127154, 1639632158.130392, 1639632158.1335697, 1639632158.1364465, 1639632158.140522, 1639632158.1443527, 1639632158.1471856, 1639632158.150552, 1639632158.153391, 1639632158.1563377, 1639632158.1588302, 1639632158.1616335, 1639632158.1644907, 1639632158.167562, 1639632158.1709802, 1639632158.1738155, 1639632158.1767063, 1639632158.1794753, 1639632158.1825628, 1639632158.185403, 1639632158.1879125, 1639632158.1910217, 1639632158.1938446, 1639632158.1966772, 1639632158.1994967, 1639632158.2022436, 1639632158.2050602, 1639632158.207838, 1639632158.210986, 1639632158.2141674, 1639632158.2166367, 1639632158.2194295, 1639632158.2225587, 1639632158.2253718, 1639632158.2278295], "episode_lengths": [9, 8, 10, 10, 10, 10, 9, 11, 10, 10, 9, 8, 9, 9, 10, 10, 10, 9, 9, 9, 8, 9, 8, 11, 10, 9, 9, 9, 10, 9, 9, 10, 9, 8, 8, 8, 9, 10, 10, 10, 9, 10, 10, 10, 9, 9, 10, 9, 9, 11, 10, 9, 9, 9, 9, 9, 10, 11, 8, 10, 9, 9, 9, 10, 9, 10, 10, 10, 9, 11, 11, 9, 10, 9, 9, 8, 9, 9, 10, 11, 9, 9, 9, 10, 9, 8, 10, 9, 9, 9, 9, 9, 9, 10, 10, 8, 9, 10, 9, 8], "episode_rewards": [9.0, 8.0, 10.0, 10.0, 10.0, 10.0, 9.0, 11.0, 10.0, 10.0, 9.0, 8.0, 9.0, 9.0, 10.0, 10.0, 10.0, 9.0, 9.0, 9.0, 8.0, 9.0, 8.0, 11.0, 10.0, 9.0, 9.0, 9.0, 10.0, 9.0, 9.0, 10.0, 9.0, 8.0, 8.0, 8.0, 9.0, 10.0, 10.0, 10.0, 9.0, 10.0, 10.0, 10.0, 9.0, 9.0, 10.0, 9.0, 9.0, 11.0, 10.0, 9.0, 9.0, 9.0, 9.0, 9.0, 10.0, 11.0, 8.0, 10.0, 9.0, 9.0, 9.0, 10.0, 9.0, 10.0, 10.0, 10.0, 9.0, 11.0, 11.0, 9.0, 10.0, 9.0, 9.0, 8.0, 9.0, 9.0, 10.0, 11.0, 9.0, 9.0, 9.0, 10.0, 9.0, 8.0, 10.0, 9.0, 9.0, 9.0, 9.0, 9.0, 9.0, 10.0, 10.0, 8.0, 9.0, 10.0, 9.0, 8.0], "episode_types": ["t", "t", "t", "t", "t", "t", "t", "t", "t", "t", "t", "t", "t", "t", "t", "t", "t", "t", "t", "t", "t", "t", "t", "t", "t", "t", "t", "t", "t", "t", "t", "t", "t", "t", "t", "t", "t", "t", "t", "t", "t", "t", "t", "t", "t", "t", "t", "t", "t", "t", "t", "t", "t", "t", "t", "t", "t", "t", "t", "t", "t", "t", "t", "t", "t", "t", "t", "t", "t", "t", "t", "t", "t", "t", "t", "t", "t", "t", "t", "t", "t", "t", "t", "t", "t", "t", "t", "t", "t", "t", "t", "t", "t", "t", "t", "t", "t", "t", "t", "t"]}