{"initial_reset_timestamp": 1639362466.644037, "timestamps": [1639362466.668303, 1639362466.708659, 1639362466.817728, 1639362466.841244, 1639362466.8589737, 1639362466.9234476, 1639362466.9534667, 1639362466.983372, 1639362467.0060577, 1639362467.0686152, 1639362467.0902822, 1639362467.1466475, 1639362467.1795924, 1639362467.1988182, 1639362467.2165072, 1639362467.2400258, 1639362467.283483, 1639362467.3428562, 1639362467.3651512, 1639362467.3823242, 1639362480.6742857, 1639362480.7080514, 1639362480.750775, 1639362480.7875557, 1639362480.8089454, 1639362480.841527, 1639362480.8734963, 1639362480.8963363, 1639362480.9212193, 1639362480.9434505, 1639362480.978779, 1639362481.0169344, 1639362481.0431952, 1639362481.0723715, 1639362481.114011, 1639362481.1317205, 1639362481.1577277, 1639362481.1946955, 1639362481.2100458, 1639362481.2332926, 1639362496.8195467, 1639362496.8345652, 1639362496.861092, 1639362496.884907, 1639362496.9084604, 1639362496.9376323, 1639362496.957446, 1639362496.9879522, 1639362497.0070486, 1639362497.0547175, 1639362497.072237, 1639362497.1081443, 1639362497.1342156, 1639362497.1584632, 1639362497.177557, 1639362497.1935596, 1639362497.2156813, 1639362497.2465365, 1639362497.2719548, 1639362497.295899, 1639362512.688537, 1639362512.7117841, 1639362512.7293723, 1639362512.7522533, 1639362512.7698827, 1639362512.8028848, 1639362512.8414707, 1639362512.8666704, 1639362512.8862758, 1639362512.9144142, 1639362512.9508204, 1639362512.9746897, 1639362512.999537, 1639362513.0164735, 1639362513.0385342, 1639362513.0757222, 1639362513.092801, 1639362513.128678, 1639362513.1464942, 1639362513.1665654], "episode_lengths": [89, 154, 312, 97, 80, 211, 126, 130, 99, 219, 83, 205, 141, 84, 86, 102, 153, 216, 89, 78, 100, 116, 114, 100, 81, 107, 104, 80, 80, 77, 108, 112, 84, 95, 125, 71, 88, 123, 62, 72, 76, 60, 87, 70, 89, 95, 77, 95, 71, 145, 72, 106, 93, 90, 61, 65, 75, 91, 95, 79, 130, 80, 71, 76, 71, 113, 120, 94, 60, 99, 114, 92, 81, 68, 83, 112, 68, 107, 68, 72], "episode_rewards": [-504.37198813758886, -516.3035143132329, -1637.8245703920547, -451.7338399064299, -487.46050325737383, -1207.127256355389, -586.7144649156248, -741.7212954640337, -528.0972729737728, -1025.114132981746, -379.87280524151186, -1158.0566639251874, -508.46895623967606, -592.4514677061013, -123.03585879462305, -636.8676448021622, -580.2517210692812, -1043.3883546561847, -525.3518091813698, -640.330545891755, -879.7999085427407, -1305.0737527140554, -1265.9839924390783, -1015.2309700117939, -805.3382651891957, -1249.8566031828493, -1053.3775177052985, -905.8859865249752, -828.4316838984281, -827.1406450804545, -1188.6428792680263, -1372.5522435626594, -915.0051583682147, -864.1735512092316, -1456.080511837539, -820.1402223738531, -709.3696476064011, -1364.0186894699073, -695.800987824757, -725.2974330275933, -808.7315720051995, -637.2960964323307, -911.3278402466614, -812.1402178505659, -996.6377272970429, -963.2563511693991, -816.0047750688174, -913.2312232129904, -764.982250735673, -1780.9745815445467, -771.5389374004031, -1169.2081930716404, -765.5365148334229, -833.8907119111758, -742.6149256518248, -741.8536937587421, -848.7733463584149, -877.0348200752759, -1055.3407873734532, -858.8554785910818, -1470.1019553121873, -838.5324144360491, -750.7769897436817, -798.8016158034654, -742.918860492765, -1171.414308915106, -1439.1674066471555, -862.2143501746814, -727.0354603540966, -831.3040206237142, -1380.0706777418159, -1001.5512927722685, -836.825954967428, -699.1268085205611, -915.0695349694851, -1372.6614430923664, -718.8840317781458, -1123.883640123116, -702.1156633057318, -816.4933796498227], "episode_types": ["t", "t", "t", "t", "t", "t", "t", "t", "t", "t", "t", "t", "t", "t", "t", "t", "t", "t", "t", "t", "t", "t", "t", "t", "t", "t", "t", "t", "t", "t", "t", "t", "t", "t", "t", "t", "t", "t", "t", "t", "t", "t", "t", "t", "t", "t", "t", "t", "t", "t", "t", "t", "t", "t", "t", "t", "t", "t", "t", "t", "t", "t", "t", "t", "t", "t", "t", "t", "t", "t", "t", "t", "t", "t", "t", "t", "t", "t", "t", "t"]}