{"initial_reset_timestamp": 1639411104.14278, "timestamps": [1639411104.1744502, 1639411104.1972337, 1639411104.242279, 1639411104.3138995, 1639411104.3402832, 1639411104.4018302, 1639411104.4275343, 1639411104.4506252, 1639411104.4858265, 1639411104.552612, 1639411104.5870643, 1639411104.6268442, 1639411104.680658, 1639411104.70953, 1639411104.7377844, 1639411104.7772543, 1639411104.8198402, 1639411104.8921826, 1639411104.9230943, 1639411104.9490213, 1639411129.1299732, 1639411129.7913244, 1639411130.5574641, 1639411132.3664489, 1639411132.544883, 1639411133.3829386, 1639411134.5083816, 1639411135.8192308, 1639411135.953848, 1639411136.1031315, 1639411137.2069936, 1639411137.8406475, 1639411137.9964998, 1639411138.1132436, 1639411139.5507073, 1639411139.7458713, 1639411140.5764303, 1639411142.0023093, 1639411142.898709, 1639411144.0036654], "episode_lengths": [88, 72, 139, 206, 84, 171, 96, 73, 128, 188, 130, 116, 155, 89, 89, 118, 137, 209, 95, 98, 302, 999, 999, 999, 311, 999, 999, 999, 225, 266, 999, 999, 276, 221, 999, 297, 999, 999, 999, 999], "episode_rewards": [-480.56049988738715, -609.7850691110814, -750.6278875231237, -648.3328611544538, -602.720790746258, -648.0368004712878, -269.84107473085976, -580.435975528569, -393.4056877330211, -987.0773305553348, -294.4997253945707, -641.3591868679672, -688.3330389926041, -651.3839500882335, -585.9032880327184, -428.86899674365765, -646.77932401386, -865.0476396131493, -522.9915135914175, -305.11199507414995, -109.86269789454524, -101.38628620652857, -152.38344944810584, -135.21441318379533, -303.57781762349, -151.48625127944888, -95.20049308934273, -152.1730372527555, -317.9754102779649, -319.4265627954054, -65.7557007786534, -135.8263087704268, -301.9068019311885, -129.437055611064, -158.72030542810307, -64.4830369558234, -101.87112851611519, -150.6807759973375, -189.18060482863748, -118.90502673878947], "episode_types": ["t", "t", "t", "t", "t", "t", "t", "t", "t", "t", "t", "t", "t", "t", "t", "t", "t", "t", "t", "t", "t", "t", "t", "t", "t", "t", "t", "t", "t", "t", "t", "t", "t", "t", "t", "t", "t", "t", "t", "t"]}