{"initial_reset_timestamp": 1634877586.2990203, "timestamps": [1634877897.7427905, 1634877897.9803154, 1634877898.2927232, 1634877898.6921513, 1634877898.9950638, 1634877899.423113, 1634877899.6561944, 1634877899.9988847, 1634877900.2964988, 1634877900.639505, 1634877900.9110467, 1634877901.2157788, 1634877901.7014947, 1634877902.1105237, 1634877902.4575589, 1634877902.8178759], "episode_lengths": [614, 317, 408, 498, 384, 546, 317, 440, 378, 448, 347, 392, 605, 499, 429, 426], "episode_rewards": [1940.0, 250.0, 400.0, 1090.0, 350.0, 590.0, 240.0, 480.0, 220.0, 750.0, 430.0, 360.0, 750.0, 630.0, 350.0, 440.0], "episode_types": ["t", "t", "t", "t", "t", "t", "t", "t", "t", "t", "t", "t", "t", "t", "t", "t", "t"]}