{"initial_reset_timestamp": 1639403157.7875881, "timestamps": [1639403157.8085809, 1639403157.8432245, 1639403157.9438865, 1639403157.9615433, 1639403157.978683, 1639403158.0363886, 1639403158.061575, 1639403158.1054516, 1639403158.1352808, 1639403158.1909747, 1639403158.2080278, 1639403158.2584043, 1639403158.2898984, 1639403158.307931, 1639403158.3204162, 1639403158.3430579, 1639403158.3797529, 1639403158.4339316, 1639403158.4533224, 1639403158.4697602], "episode_lengths": [89, 154, 312, 97, 80, 211, 126, 130, 99, 219, 83, 205, 141, 84, 86, 102, 153, 216, 89, 78], "episode_rewards": [-504.37198813758886, -516.3035143132329, -1637.8245703920547, -451.7338399064299, -487.46050325737383, -1207.127256355389, -586.7144649156248, -741.7212954640337, -528.0972729737728, -1025.114132981746, -379.87280524151186, -1158.0566639251874, -508.46895623967606, -592.4514677061013, -123.03585879462305, -636.8676448021622, -580.2517210692812, -1043.3883546561847, -525.3518091813698, -640.330545891755], "episode_types": ["t", "t", "t", "t", "t", "t", "t", "t", "t", "t", "t", "t", "t", "t", "t", "t", "t", "t", "t", "t"]}