{"initial_reset_timestamp": 1639635871.874202, "timestamps": [1639635871.8919902, 1639635871.9095123, 1639635871.926885, 1639635871.9442396, 1639635871.9614575, 1639635871.9788294, 1639635871.9962604, 1639635872.0136817, 1639635872.0312061, 1639635872.0486007, 1639635872.0660784, 1639635872.083629, 1639635872.1010942, 1639635872.1185613, 1639635872.135988, 1639635872.1535542, 1639635872.17089, 1639635872.1881893, 1639635872.2054486, 1639635872.2227173, 1639635872.2399762, 1639635872.2572622, 1639635872.2747772, 1639635872.2927265, 1639635872.3109963, 1639635872.3303845, 1639635872.349748, 1639635872.3694587, 1639635872.3889134, 1639635872.4079065, 1639635872.427025, 1639635872.445377, 1639635872.4649763, 1639635872.4866207, 1639635872.5085964, 1639635872.5335968, 1639635872.5603347, 1639635872.587938, 1639635872.608415, 1639635872.6271963, 1639635872.6455693, 1639635872.66516, 1639635872.6834729, 1639635872.7013648, 1639635872.719259, 1639635872.7376175, 1639635872.7613306, 1639635872.7802455, 1639635872.7989564, 1639635872.8169453, 1639635872.8348227, 1639635872.853046, 1639635872.8712354, 1639635872.8893902, 1639635872.9071667, 1639635872.9249687, 1639635872.942771, 1639635872.9612982, 1639635872.9794486, 1639635872.9985967, 1639635873.0168028, 1639635873.0353043, 1639635873.0541456, 1639635873.0754015, 1639635873.0965524, 1639635873.1155086, 1639635873.1344266, 1639635873.153953, 1639635873.1725812, 1639635873.1912622, 1639635873.2096865, 1639635873.2276802, 1639635873.246612, 1639635873.265285, 1639635873.2847304, 1639635873.3038986, 1639635873.322737, 1639635873.3413382, 1639635873.360276, 1639635873.3791096, 1639635873.3980436, 1639635873.4168742, 1639635873.435602, 1639635873.4543185, 1639635873.4728718, 1639635873.4913583, 1639635873.5098975, 1639635873.528431, 1639635873.5470178, 1639635873.5658739, 1639635873.5843065, 1639635873.6027362, 1639635873.62155, 1639635873.6396964, 1639635873.6578238, 1639635873.6760094, 1639635873.694392, 1639635873.7132163, 1639635873.7318077, 1639635873.7502198, 1639635885.0789704, 1639635885.0968642, 1639635885.1147509, 1639635885.1325362, 1639635885.1502311, 1639635885.1678169, 1639635885.18547, 1639635885.203115, 1639635885.2207966, 1639635885.2384465, 1639635885.25609, 1639635885.2736952, 1639635885.2913454, 1639635885.3090713, 1639635885.3268678, 1639635885.344572, 1639635885.3622885, 1639635885.3799486, 1639635885.3976507, 1639635885.4152431, 1639635885.432863, 1639635885.4504964, 1639635885.4682374, 1639635885.4859016, 1639635885.5035548, 1639635885.5212564, 1639635885.5390344, 1639635885.5568204, 1639635885.5748317, 1639635885.59287, 1639635885.6109316, 1639635885.6289406, 1639635885.646908, 1639635885.6647656, 1639635885.6826217, 1639635885.7004175, 1639635885.7181282, 1639635885.7357175, 1639635885.7532804, 1639635885.7707884, 1639635885.7882884, 1639635885.8058, 1639635885.8233402, 1639635885.8408427, 1639635885.8582377, 1639635885.875668, 1639635885.8933475, 1639635885.911064, 1639635885.9287832, 1639635885.9464843, 1639635885.9641933, 1639635885.9818275, 1639635885.9994721, 1639635886.0173314, 1639635886.035305, 1639635886.0530882, 1639635886.0708542, 1639635886.0888352, 1639635886.1067445, 1639635886.124524, 1639635886.142228, 1639635886.1597862, 1639635886.1772916, 1639635886.1947358, 1639635886.21221, 1639635886.2296133, 1639635886.2469575, 1639635886.264374, 1639635886.2821636, 1639635886.3051531, 1639635886.3285275, 1639635886.3519964, 1639635886.3697543, 1639635886.3878796, 1639635886.4087589, 1639635886.43045, 1639635886.4512732, 1639635886.470406, 1639635886.4894392, 1639635886.508463, 1639635886.5274973, 1639635886.5465665, 1639635886.5655951, 1639635886.5846896, 1639635886.6038, 1639635886.6227503, 1639635886.6416337, 1639635886.6606019, 1639635886.6795056, 1639635886.6984873, 1639635886.7176712, 1639635886.7370555, 1639635886.7587404, 1639635886.7800913, 1639635886.7993953, 1639635886.818644, 1639635886.8380897, 1639635886.856954, 1639635886.8757102, 1639635886.8946316, 1639635899.6803696, 1639635899.6986594, 1639635899.716876, 1639635899.735023, 1639635899.7532792, 1639635899.7714558, 1639635899.789592, 1639635899.80756, 1639635899.82578, 1639635899.8438148, 1639635899.8619385, 1639635899.8799477, 1639635899.8980227, 1639635899.9161859, 1639635899.9339979, 1639635899.9518116, 1639635899.9695864, 1639635899.98744, 1639635900.0052183, 1639635900.0229988, 1639635900.040841, 1639635900.05872, 1639635900.0764477, 1639635900.0941675, 1639635900.1120157, 1639635900.129876, 1639635900.1476924, 1639635900.1653588, 1639635900.1832325, 1639635900.2010448, 1639635900.2188318, 1639635900.2364826, 1639635900.2542713, 1639635900.27203, 1639635900.289704, 1639635900.3073492, 1639635900.325216, 1639635900.3431344, 1639635900.3608973, 1639635900.3786883, 1639635900.3964758, 1639635900.4141316, 1639635900.4319506, 1639635900.4496696, 1639635900.4674938, 1639635900.4851446, 1639635900.5029504, 1639635900.5207844, 1639635900.5384893, 1639635900.5562727, 1639635900.5739458, 1639635900.591784, 1639635900.6095662, 1639635900.627741, 1639635900.645866, 1639635900.6637466, 1639635900.681831, 1639635900.6994648, 1639635900.7171388, 1639635900.7348068, 1639635900.7525995, 1639635900.7702405, 1639635900.787902, 1639635900.8056133, 1639635900.823219, 1639635900.8409133, 1639635900.8584754, 1639635900.8761983, 1639635900.8938525, 1639635900.911496, 1639635900.9290721, 1639635900.9466496, 1639635900.964343, 1639635900.9820604, 1639635900.9997299, 1639635901.017292, 1639635901.0349205, 1639635901.052642, 1639635901.0704203, 1639635901.0879664, 1639635901.1057003, 1639635901.1268575, 1639635901.148486, 1639635901.170211, 1639635901.1919315, 1639635901.213596, 1639635901.2352467, 1639635901.2569795, 1639635901.2786908, 1639635901.3003678, 1639635901.3220441, 1639635901.3437903, 1639635901.3655272, 1639635901.3871326, 1639635901.4089055, 1639635901.4307513, 1639635901.4524846, 1639635901.474132, 1639635901.4959598, 1639635901.5177143, 1639635914.312945, 1639635914.33066, 1639635914.3484385, 1639635914.3661077, 1639635914.3839626, 1639635914.4018128, 1639635914.419637, 1639635914.437584, 1639635914.455409, 1639635914.4740133, 1639635914.4924068, 1639635914.510689, 1639635914.5289457, 1639635914.5470862, 1639635914.5652528, 1639635914.5833976, 1639635914.6015275, 1639635914.619604, 1639635914.6377354, 1639635914.6559193, 1639635914.6742878, 1639635914.692682, 1639635914.7109134, 1639635914.7291436, 1639635914.7473624, 1639635914.765508, 1639635914.7836041, 1639635914.8017564, 1639635914.8198457, 1639635914.837949, 1639635914.8560338, 1639635914.874057, 1639635914.8922508, 1639635914.9103644, 1639635914.9284086, 1639635914.9463463, 1639635914.9643178, 1639635914.982331, 1639635915.0005527, 1639635915.018619, 1639635915.0367706, 1639635915.0549555, 1639635915.0731993, 1639635915.0913336, 1639635915.1094413, 1639635915.1274803, 1639635915.1457858, 1639635915.16389, 1639635915.1819565, 1639635915.2000768, 1639635915.2181678, 1639635915.2362707, 1639635915.254347, 1639635915.2723842, 1639635915.2904518, 1639635915.308674, 1639635915.3270807, 1639635915.3457136, 1639635915.3643649, 1639635915.3827212, 1639635915.4009583, 1639635915.4191043, 1639635915.437165, 1639635915.4552236, 1639635915.4736772, 1639635915.4922245, 1639635915.5106251, 1639635915.5290504, 1639635915.547625, 1639635915.5660892, 1639635915.5847292, 1639635915.6035311, 1639635915.6222224, 1639635915.6409907, 1639635915.6596951, 1639635915.6777794, 1639635915.6958845, 1639635915.7143688, 1639635915.7328804, 1639635915.7513616, 1639635915.7696774, 1639635915.787793, 1639635915.805893, 1639635915.8243234, 1639635915.842965, 1639635915.861584, 1639635915.8802347, 1639635915.8988473, 1639635915.9175215, 1639635915.9362426, 1639635915.9546719, 1639635915.9730752, 1639635915.9912279, 1639635916.009359, 1639635916.029766, 1639635916.0506568, 1639635916.071626, 1639635916.0925953, 1639635916.1136522, 1639635916.1346962, 1639635938.3009496, 1639635938.3225431, 