{"initial_reset_timestamp": 1634892708.287588, "timestamps": [1634892708.7756748, 1634892708.9994802, 1634892709.300315, 1634892709.6707287, 1634892709.95224, 1634892710.356763, 1634892710.5756526, 1634892710.9028475, 1634892711.1799364, 1634892711.4974246, 1634892711.7476482, 1634892712.0254354, 1634892712.4790027, 1634892712.8378701, 1634892713.136467, 1634892713.4596038, 1634892713.6708865, 1634892714.2730315, 1634892714.5252187, 1634892714.797488, 1634892715.0621836, 1634892715.2667234, 1634892715.564488, 1634892715.8441582, 1634892716.3276453, 1634892716.7089162, 1634892717.007109, 1634892717.236084, 1634892717.4446456, 1634892717.8125083, 1634892718.0692937, 1634892718.2710614, 1634892718.6878407, 1634892719.0465455, 1634892719.4949448, 1634892719.760081, 1634892719.9873936, 1634892720.168229, 1634892720.6824632, 1634892720.9321368, 1634892721.2303936, 1634892721.6463635, 1634892721.9245038, 1634892722.2404265, 1634892722.6281486, 1634892722.8969507, 1634892723.3469138, 1634892723.812292, 1634892724.0822866, 1634892724.3696573, 1634892724.6750078, 1634892724.9757264, 1634892725.227385, 1634892725.524753, 1634892725.8002503, 1634892726.0578647, 1634892726.6426961, 1634892727.0954823, 1634892727.415904, 1634892727.686679, 1634892728.0758505, 1634892728.5521903, 1634892728.8554592, 1634892729.0791113, 1634892729.401383, 1634892729.6666985, 1634892730.0578136, 1634892730.2721546, 1634892730.6505444, 1634892731.0459797, 1634892731.5329447, 1634892731.7880886, 1634892732.0264184, 1634892732.282661, 1634892732.512672, 1634892732.8868985, 1634892733.295467, 1634892733.6684299, 1634892733.9331665, 1634892734.390757, 1634892734.733548, 1634892734.90268, 1634892735.2215493, 1634892735.4732647, 1634892735.7429798, 1634892736.1011639, 1634892736.4508111, 1634892736.9839218, 1634892737.2836463, 1634892737.5589225, 1634892737.8703582, 1634892738.141974, 1634892738.4274404, 1634892738.6330547, 1634892739.0195389, 1634892739.2614465, 1634892739.5313294, 1634892739.8517644, 1634892740.0558116, 1634892740.2633383, 1634892740.9256942, 1634892741.2279809, 1634892741.4965107, 1634892741.7131753, 1634892742.0672195, 1634892742.3484101, 1634892742.656683, 1634892742.9633737, 1634892743.2763004, 1634892743.5822442, 1634892743.7716053, 1634892744.1801245, 1634892744.4509768, 1634892744.760204, 1634892745.0378816, 1634892745.3106358, 1634892745.5798237, 1634892745.8027885, 1634892746.410793, 1634892746.9801092, 1634892747.3088725, 1634892747.5581589, 1634892747.8422515, 1634892748.0187633, 1634892748.3322077, 1634892748.765871, 1634892749.0390255, 1634892749.474661, 1634892749.8062832, 1634892750.3468227, 1634892750.6117716, 1634892750.9246306, 1634892751.520957, 1634892751.767734, 1634892752.1147242, 1634892752.3846006, 1634892752.805123, 1634892753.175459, 1634892753.469949, 1634892753.878139, 1634892754.1716547, 1634892754.628798, 1634892754.9359841, 1634892755.2716048, 1634892755.6951916, 1634892755.9963033, 1634892756.2321782, 1634892756.6432824, 1634892756.8098857, 1634892756.9879847, 1634892757.2432327, 1634892757.5467246, 1634892758.0361676, 1634892758.344864, 1634892758.6477816, 1634892758.8496995, 1634892759.217906, 1634892759.405842, 1634892759.7388873, 1634892760.1739988, 1634892760.481448, 1634892760.8271441, 1634892761.0569499, 1634892761.5133984, 1634892761.8414853, 1634892762.4170482, 1634892762.647134, 1634892763.1774547, 1634892763.6864996, 1634892764.1740923, 1634892764.6107523, 1634892764.9230802, 1634892765.2255986, 1634892765.4743462, 1634892765.7273784, 1634892766.0739923, 1634892766.4639401, 1634892766.9966083, 1634892767.3016233, 1634892767.75078, 1634892768.186842, 1634892768.4274514, 1634892768.7606182, 1634892769.2178273, 1634892769.574805, 1634892770.0424447, 1634892770.283306, 1634892770.497647, 1634892770.8978248, 1634892771.2304783, 1634892771.5383537, 1634892771.76212, 1634892772.0973532, 1634892772.312749, 1634892772.7129817, 1634892773.023415, 1634892773.4033465, 1634892773.7675366, 1634892774.0074856, 1634892774.3508573, 1634892774.8260114, 1634892775.3172345, 1634892775.9286973, 1634892776.168401, 1634892776.488341, 1634892776.8964834, 1634892777.4412959, 1634892777.8474233, 1634892778.3241682, 1634892778.600148, 1634892778.8526125, 1634892779.0690966, 1634892779.3491652, 1634892779.7533286, 1634892780.3621898, 1634892780.819347, 1634892781.23772, 1634892781.697567, 1634892782.3039467, 1634892782.661897, 1634892782.9961696, 1634892783.267044, 1634892783.647476, 1634892783.9982822, 1634892784.2404025, 1634892784.557016, 1634892784.8187819, 1634892785.0559764, 1634892785.388151, 1634892785.6780365, 1634892786.0713751, 1634892786.3475966, 1634892786.6923213, 1634892786.9984653, 1634892787.3360128, 1634892787.7414718, 1634892787.9853332, 1634892788.2784882, 1634892788.654885, 1634892788.9128416, 1634892789.217474, 1634892789.489775, 1634892789.7574458, 1634892789.9429164, 1634892790.2084796, 1634892790.6794376, 1634892791.0517602, 1634892791.2958343, 1634892791.5125213, 1634892791.8574114, 1634892792.2550416, 1634892792.518347, 1634892792.8493927, 1634892793.1727417, 1634892793.3603516, 1634892793.6122007, 1634892793.8873308, 1634892794.230238, 1634892794.51798, 1634892794.8868406, 1634892795.1966758, 1634892795.5916667, 1634892795.9627442, 1634892796.5473263, 1634892796.8797228, 1634892797.3102915, 1634892797.5586464, 1634892797.8669255, 1634892798.1737742, 1634892798.6379094, 1634892799.021744, 1634892799.2909954, 1634892799.777326, 1634892800.1171062, 1634892800.5072508, 1634892800.7885451, 1634892801.2296624, 1634892801.5299456, 1634892801.7768695, 1634892802.2187688, 1634892802.5098562, 1634892802.7917423, 1634892802.978844, 1634892803.1663165, 1634892803.4791794, 1634892804.0331354, 1634892804.2861953, 1634892804.6166592, 1634892804.8360248, 1634892805.0768678, 1634892805.298321, 1634892805.6953185, 1634892806.2764335, 1634892806.564129, 1634892806.7282972, 1634892807.0740633, 1634892807.4629476, 1634892807.7959204, 1634892808.0626206, 1634892808.5522678, 1634892808.8931255, 1634892809.2188587, 1634892809.4451303, 1634892809.6889892, 1634892809.9885652, 1634892810.2383354, 1634892810.592192, 1634892810.811208, 1634892811.3290691, 1634892811.6132472, 1634892812.1396103, 1634892812.548586, 1634892812.9058845, 1634892813.1593351, 1634892813.429573, 1634892813.7651875, 1634892814.1862667, 1634892814.4481916, 1634892814.9709792, 1634892815.2320893, 1634892815.5531769, 1634892815.890778, 1634892816.0793824, 1634892816.3057995, 1634892816.5707605, 1634892816.8319588, 1634892817.1210852, 1634892817.4603853, 1634892817.8598635, 1634892818.1245594, 1634892818.379466, 1634892818.6857493, 1634892818.9185717, 1634892819.1871614, 1634892819.4870126, 1634892819.89649, 1634892820.2231588, 1634892820.6351826, 1634892820.95416, 1634892821.2276106, 1634892821.5890586, 1634892821.8657656, 1634892822.1935205, 1634892822.3973641, 1634892822.724317, 1634892823.0007045, 1634892823.2800248, 1634892823.5732121, 1634892823.8617613, 1634892824.0924284, 1634892824.9522738, 1634892825.2792, 1634892825.5689762, 1634892825.8060644, 1634892826.192182, 1634892826.3599663, 1634892826.6778984, 1634892826.844992, 1634892827.3036654, 1634892827.7976136, 1634892828.031296, 1634892828.2293365, 1634892828.4561014, 1634892828.7281747, 1634892829.0685403, 1634892829.370528, 1634892829.7097704, 1634892830.0479562, 1634892830.3394709, 1634892830.6535106, 1634892830.8904505, 1634892831.1724844, 1634892831.3685617, 1634892831.6074488, 1634892831.998752, 1634892832.3622065, 1634892832.9252887, 1634892833.1879222, 1634892833.5142138, 1634892833.82708, 1634892834.0954025, 1634892834.5091033, 1634892834.885636, 1634892835.1933146, 1634892835.5479846, 1634892835.7596831, 1634892836.0473726, 1634892836.4553971, 1634892836.7670953, 1634892837.1392486, 1634892837.453831, 1634892837.719869, 1634892838.0143893, 1634892838.354579, 1634892838.6451907, 1634892839.096275, 1634892839.564777, 1634892839.9402633, 1634892840.1556966, 1634892840.4963143, 1634892840.828155, 1634892841.197418, 