{"initial_reset_timestamp": 1639636348.4192052, "timestamps": [1639636348.4411018, 1639636348.462473, 1639636348.483825, 1639636348.5042222, 1639636348.5254695, 1639636348.5467346, 1639636348.5679286, 1639636348.5894513, 1639636348.613099, 1639636348.6343842, 1639636348.655451, 1639636348.6765673, 1639636348.6977696, 1639636348.718871, 1639636348.7399874, 1639636348.760161, 1639636348.7826667, 1639636348.8089213, 1639636348.8379207, 1639636348.8665822, 1639636348.8896627, 1639636348.913482, 1639636348.9371982, 1639636348.958599, 1639636348.980257, 1639636349.0019827, 1639636349.0236819, 1639636349.0452518, 1639636349.0670722, 1639636349.0911274, 1639636349.1129298, 1639636349.1346443, 1639636349.156173, 1639636349.1776714, 1639636349.1986365, 1639636349.2222598, 1639636349.2463193, 1639636349.2703123, 1639636349.2927513, 1639636349.3173807, 1639636349.3403332, 1639636349.3616073, 1639636349.3839338, 1639636349.4043722, 1639636349.4254503, 1639636349.4463956, 1639636349.4683857, 1639636349.4947224, 1639636349.5177178, 1639636349.541196, 1639636349.5629554, 1639636349.5841784, 1639636349.6053312, 1639636349.626358, 1639636349.6476293, 1639636349.670496, 1639636349.6926754, 1639636349.7140055, 1639636349.7352276, 1639636349.756513, 1639636349.7777576, 1639636349.7990732, 1639636349.8219466, 1639636349.846573, 1639636349.8692575, 1639636349.893514, 1639636349.9184058, 1639636349.9401612, 1639636349.9633937, 1639636349.98471, 1639636350.0075278, 1639636350.0296528, 1639636350.051444, 1639636350.0774746, 1639636350.1000373, 1639636350.130374, 1639636350.1578243, 1639636350.185338, 1639636350.2118702, 1639636350.2337618, 1639636350.2581453, 1639636350.2826333, 1639636350.3039672, 1639636350.3280764, 1639636350.3495567, 1639636350.3708148, 1639636350.3923888, 1639636350.4142187, 1639636350.4358618, 1639636350.4573529, 1639636350.4788253, 1639636350.5000494, 1639636350.5254939, 1639636350.5465336, 1639636350.5673566, 1639636350.5882113, 1639636350.61086, 1639636350.6321316, 1639636350.6533387, 1639636350.6745613], "episode_lengths": [200, 200, 200, 200, 200, 200, 200, 200, 200, 200, 200, 200, 200, 200, 200, 200, 200, 200, 200, 200, 200, 200, 200, 200, 200, 200, 200, 200, 200, 200, 200, 200, 200, 200, 200, 200, 200, 200, 200, 200, 200, 200, 200, 200, 200, 200, 200, 200, 200, 200, 200, 200, 200, 200, 200, 200, 200, 200, 200, 200, 200, 200, 200, 200, 200, 200, 200, 200, 200, 200, 200, 200, 200, 200, 200, 200, 200, 200, 200, 200, 200, 200, 200, 200, 200, 200, 200, 200, 200, 200, 200, 200, 200, 200, 200, 200, 200, 200, 200, 200], "episode_rewards": [-200.0, -200.0, -200.0, -200.0, -200.0, -200.0, -200.0, -200.0, -200.0, -200.0, -200.0, -200.0, -200.0, -200.0, -200.0, -200.0, -200.0, -200.0, -200.0, -200.0, -200.0, -200.0, -200.0, -200.0, -200.0, -200.0, -200.0, -200.0, -200.0, -200.0, -200.0, -200.0, -200.0, -200.0, -200.0, -200.0, -200.0, -200.0, -200.0, -200.0, -200.0, -200.0, -200.0, -200.0, -200.0, -200.0, -200.0, -200.0, -200.0, -200.0, -200.0, -200.0, -200.0, -200.0, -200.0, -200.0, -200.0, -200.0, -200.0, -200.0, -200.0, -200.0, -200.0, -200.0, -200.0, -200.0, -200.0, -200.0, -200.0, -200.0, -200.0, -200.0, -200.0, -200.0, -200.0, -200.0, -200.0, -200.0, -200.0, -200.0, -200.0, -200.0, -200.0, -200.0, -200.0, -200.0, -200.0, -200.0, -200.0, -200.0, -200.0, -200.0, -200.0, -200.0, -200.0, -200.0, -200.0, -200.0, -200.0, -200.0], "episode_types": ["t", "t", "t", "t", "t", "t", "t", "t", "t", "t", "t", "t", "t", "t", "t", "t", "t", "t", "t", "t", "t", "t", "t", "t", "t", "t", "t", "t", "t", "t", "t", "t", "t", "t", "t", "t", "t", "t", "t", "t", "t", "t", "t", "t", "t", "t", "t", "t", "t", "t", "t", "t", "t", "t", "t", "t", "t", "t", "t", "t", "t", "t", "t", "t", "t", "t", "t", "t", "t", "t", "t", "t", "t", "t", "t", "t", "t", "t", "t", "t", "t", "t", "t", "t", "t", "t", "t", "t", "t", "t", "t", "t", "t", "t", "t", "t", "t", "t", "t", "t"]}