{"initial_reset_timestamp": 1634945065.6179712, "timestamps": [1634945065.640629, 1634945065.667481, 1634945065.711294, 1634945065.738438, 1634945065.7677736], "episode_lengths": [88, 79, 111, 76, 88], "episode_rewards": [-118.11052540749041, -327.4153117394716, -354.6920458658159, -190.83773926341078, -207.80777025642857], "episode_types": ["t", "t", "t", "t", "t", "t"]}