{"initial_reset_timestamp": 1639398062.2782428, "timestamps": [1639398062.2980087, 1639398062.3325446, 1639398062.4328463, 1639398062.4503074, 1639398062.4674044, 1639398062.5263097, 1639398062.5509167, 1639398062.5792217, 1639398062.6008797, 1639398062.6557043, 1639398062.67249, 1639398062.7225878, 1639398062.754206, 1639398062.7724302, 1639398062.7850864, 1639398062.8078337, 1639398062.845257, 1639398062.9013968, 1639398062.92241, 1639398062.939643], "episode_lengths": [89, 154, 312, 97, 80, 211, 126, 130, 99, 219, 83, 205, 141, 84, 86, 102, 153, 216, 89, 78], "episode_rewards": [-504.37198813758886, -516.3035143132329, -1637.8245703920547, -451.7338399064299, -487.46050325737383, -1207.127256355389, -586.7144649156248, -741.7212954640337, -528.0972729737728, -1025.114132981746, -379.87280524151186, -1158.0566639251874, -508.46895623967606, -592.4514677061013, -123.03585879462305, -636.8676448021622, -580.2517210692812, -1043.3883546561847, -525.3518091813698, -640.330545891755], "episode_types": ["t", "t", "t", "t", "t", "t", "t", "t", "t", "t", "t", "t", "t", "t", "t", "t", "t", "t", "t", "t"]}