{"initial_reset_timestamp": 1634877063.6542885, "timestamps": [1634877064.2539804, 1634877065.0129864, 1634877065.9659777, 1634877066.7630699, 1634877067.56239, 1634877068.3236723, 1634877068.9419262, 1634877069.9047387, 1634877070.7233272, 1634877071.4055274, 1634877072.1504643, 1634877072.94904, 1634877073.7107947, 1634877074.4359589, 1634877075.0973687, 1634877075.9218848, 1634877076.7721016, 1634877077.9827266, 1634877078.764879, 1634877079.632402, 1634877080.5653012, 1634877081.5728016, 1634877082.4797945, 1634877083.2544606, 1634877084.171155, 1634877085.4510572, 1634877086.794599, 1634877087.8767204, 1634877088.9228537, 1634877090.1441875, 1634877091.111549, 1634877092.1212895, 1634877092.7876184, 1634877093.8698266, 1634877095.6403892, 1634877096.5494423, 1634877097.1784086, 1634877097.845158, 1634877098.716727, 1634877099.6220675, 1634877100.528253, 1634877101.6110566, 1634877102.2618525, 1634877102.8453233, 1634877103.5436723, 1634877104.6118152, 1634877105.3290498, 1634877106.1486242, 1634877107.5293849, 1634877108.062402, 1634877109.103092, 1634877110.0790987, 1634877111.0461652, 1634877111.782639, 1634877112.8762262, 1634877113.531951, 1634877114.052618, 1634877115.1596644, 1634877115.7830966, 1634877116.8088515, 1634877117.7197344, 1634877118.8145242, 1634877119.5243897, 1634877120.5299656, 1634877121.6428244, 1634877122.6574187, 1634877123.4126034, 1634877124.0075467, 1634877125.0891986, 1634877125.983906, 1634877126.645233, 1634877127.4043024, 1634877128.3511279, 1634877129.1498752, 1634877130.1587386, 1634877131.2983718, 1634877132.3290694, 1634877132.9485018, 1634877133.7294834, 1634877134.4984496, 1634877135.1166627, 1634877135.7804592, 1634877136.403015, 1634877137.4678345, 1634877138.4923491, 1634877139.1497197, 1634877139.9641037, 1634877141.154817, 1634877142.5529535, 1634877143.1749005, 1634877143.8637853, 1634877144.8774228, 1634877146.4605205, 1634877147.5686016, 1634877148.3258514, 1634877149.2315733, 1634877149.9069555, 1634877150.783629, 1634877151.502207, 1634877152.4894433, 1634877153.2545848, 1634877153.9166243, 1634877154.7864351, 1634877156.1520991, 1634877156.7640047, 1634877158.0986898, 1634877158.8757343, 1634877159.5474536, 1634877160.0901675, 1634877161.2473056, 1634877162.4018538, 1634877163.1185553, 1634877164.0298672, 1634877164.732552, 1634877165.5298786, 1634877166.2133272, 1634877166.9824522, 1634877167.5356336, 1634877168.5312097, 1634877169.3136442, 1634877170.5075152, 1634877171.240128, 1634877172.2127194, 1634877172.957887, 1634877174.7462, 1634877175.597861, 1634877176.0613658, 1634877176.7671793, 1634877177.3467565, 1634877178.3481348, 1634877179.4363663, 1634877180.2179868, 1634877180.8624313, 1634877181.6804373, 1634877182.7717257, 1634877183.5270302, 1634877184.2590306, 1634877184.9164126, 1634877185.8786824, 1634877186.9911797, 1634877187.6586277, 1634877188.883794, 1634877189.700851, 1634877190.4413514, 1634877191.3958716, 1634877191.7184618, 1634877192.5894341, 1634877193.7523744, 1634877194.8092315, 1634877195.7380652, 1634877196.3633196, 1634877197.1639867, 1634877198.1311579, 1634877198.8352797, 1634877199.5063663, 1634877200.3758702, 1634877201.2572281, 1634877202.0371222, 1634877202.8021421, 1634877203.6752305, 1634877204.644358, 1634877206.0636246, 1634877206.6275172, 1634877207.641664, 1634877208.7848067, 1634877209.8602755, 1634877210.8187802, 1634877211.6228096, 1634877213.0633879, 1634877214.4131892, 1634877215.3741598, 1634877216.435649, 1634877217.8112369, 1634877218.3326433, 1634877219.040658, 1634877220.1540554, 1634877220.8263981, 1634877221.6135488, 1634877222.5212014, 1634877223.2788792, 1634877223.9134698, 1634877224.8655496, 1634877225.5973015, 1634877226.1621325, 1634877226.732887, 1634877227.5107694, 1634877227.9543967, 1634877228.9465659, 1634877230.5888216, 1634877231.3479786, 1634877231.798567, 1634877232.7671442, 1634877233.5666413, 1634877234.4346278, 1634877235.1385422, 1634877236.2068236, 1634877236.8263276, 1634877237.7514112, 1634877238.9022574, 1634877239.7510543, 1634877240.4398253, 1634877241.2561085, 1634877242.8147728, 1634877243.6782627, 1634877245.0085065, 1634877245.8462715, 1634877246.6879842, 1634877247.6062062, 1634877248.40218, 1634877249.6180785, 1634877250.0914664, 1634877251.2698996, 1634877252.0154958, 1634877252.8273528, 1634877253.6540573, 1634877254.2721772, 1634877255.541107, 1634877256.2858176, 1634877257.2249746, 1634877258.014327, 1634877259.7972085, 1634877260.4781897, 1634877261.253031, 1634877262.0623183, 1634877262.8530731, 1634877264.3014402, 1634877265.4605112, 1634877266.7211993, 1634877267.6911557, 1634877268.4353259, 1634877269.4146683, 1634877270.2181268, 1634877270.8852992, 1634877272.4602857, 1634877273.492836, 1634877274.509418, 1634877275.8095944, 1634877277.0202184, 1634877278.267008, 1634877279.205426, 1634877280.1585793, 1634877281.334902, 1634877282.6421132, 1634877283.9939146, 1634877284.8938677, 1634877286.1058338, 1634877287.201647, 1634877288.5872583, 1634877289.869759, 1634877291.0201273, 1634877292.0234053, 1634877293.2438197, 1634877294.0897195, 1634877294.8446393, 1634877296.3563852, 1634877297.1891818, 1634877298.3738747, 1634877299.204382, 1634877300.2514114, 1634877301.5740612, 1634877302.3776083, 1634877303.1207006, 1634877303.9491348, 1634877305.361376, 1634877306.6966944, 1634877307.520198, 1634877308.2726502, 1634877308.988776, 1634877309.881132, 1634877311.3434272, 1634877312.5091164, 1634877313.9168115, 1634877314.7387998, 1634877315.5935023, 1634877316.6115851, 1634877317.7650766, 1634877318.6463935, 1634877319.6399758, 1634877320.8480315, 1634877321.6763642, 1634877322.8170943, 1634877323.8017988, 1634877324.42333, 1634877325.7302814, 1634877326.6484013, 1634877327.8443317, 1634877328.9597118, 1634877329.8126187, 1634877330.5918007, 1634877331.774014, 1634877332.9050639, 1634877334.2621524, 1634877335.407489, 1634877336.4568357, 1634877337.231552, 1634877337.9162529, 1634877338.6101704, 1634877339.569187, 1634877340.512787, 1634877341.3366723, 1634877342.9859927, 1634877343.6612298, 1634877344.9040036, 1634877346.2066433, 1634877347.4135287, 1634877348.2255967, 1634877349.0482094, 1634877349.8661892, 1634877351.5651364, 1634877352.5084107, 1634877353.754018, 1634877354.8236454, 1634877355.921213, 1634877357.4141078, 1634877359.3239386, 1634877360.2993999, 1634877361.8586066, 1634877362.7491803, 1634877363.899008, 1634877364.7764363, 1634877365.731605, 1634877366.2200184, 1634877367.57297, 1634877368.580304, 1634877369.5405807, 1634877370.3710973, 1634877371.2087379, 1634877372.1809902, 1634877373.6916397, 1634877374.4171937, 1634877375.1499014, 1634877376.018941, 1634877377.818886, 1634877379.506025, 1634877380.911663, 1634877381.860688, 1634877382.832421, 1634877384.0375924, 1634877385.2768118, 1634877386.6419253, 1634877387.6837745, 1634877389.1541195, 1634877390.3502338, 1634877391.384185, 1634877392.5163527, 1634877393.3023639, 1634877394.9703097, 1634877395.7352138, 1634877397.1343477, 1634877398.5222015, 1634877399.3746705, 1634877400.0843093, 1634877400.8363502, 1634877401.776795, 1634877403.5280192, 1634877404.0628586, 1634877404.8284602, 1634877406.0279915, 1634877406.8663237, 1634877407.715407, 1634877409.222122, 1634877410.7092519, 1634877411.5979564, 1634877412.6043575, 1634877413.5528395, 1634877414.9631827, 1634877416.3946888, 1634877417.3769767, 1634877418.8534505, 1634877419.8833456, 1634877421.456684, 1634877422.4993024, 1634877423.5136297, 1634877424.6370835, 1634877425.5724244, 1634877426.3063877, 1634877428.0482526, 1634877428.7480419, 1634877429.7026944, 1634877431.0368965, 1634877431.9270868, 1634877432.7526999, 1634877434.0009115, 1634877434.6619585, 1634877435.2690973, 1634877436.4607759, 1634877437.1826365, 1634877438.03265, 1634877439.0362992, 1634877440.14049, 1634877440.9088182, 1634877441.9420247, 1634877442.9309492, 1634877443.9314532, 1634877444.9290419, 1634877446.3752654, 1634877447.2634132, 1634877448.633136, 1634877449.954536, 1634877450.956235, 1634877452.1809006, 