{"initial_reset_timestamp": 1634895369.9096415, "timestamps": [1634895369.9284046, 1634895369.9444304, 1634895369.9690716, 1634895369.9850748, 1634895370.004473, 1634895370.0693572, 1634895370.0929997, 1634895370.1168976, 1634895370.141992], "episode_lengths": [88, 79, 111, 76, 88, 225, 105, 106, 111], "episode_rewards": [-118.11052540749041, -327.4153117394716, -354.6920458658159, -190.83773926341078, -207.80777025642857, -386.7474812194821, -224.96909550429527, -238.13143115049735, -316.07740688254773], "episode_types": ["t", "t", "t", "t", "t", "t", "t", "t", "t", "t"]}