{"initial_reset_timestamp": 1639431837.042887, "timestamps": [1639431837.046069, 1639431837.048022, 1639431837.0498502, 1639431837.052064, 1639431837.054244, 1639431837.0562692, 1639431837.058919, 1639431837.0611498, 1639431837.062965, 1639431837.065973, 1639431837.068827, 1639431837.0710888, 1639431837.074023, 1639431837.078075, 1639431837.079892, 1639431837.081774, 1639431837.08404, 1639431837.085962, 1639431837.087577, 1639431837.089225, 1639431837.0909288, 1639431837.093288, 1639431837.095242, 1639431837.0997849, 1639431837.102241, 1639431837.104157, 1639431837.106213, 1639431837.108073, 1639431837.110007, 1639431837.112057, 1639431837.113997, 1639431837.115885, 1639431837.117603, 1639431837.119779, 1639431837.121404, 1639431837.123692, 1639431837.1260512, 1639431837.128099, 1639431837.1301708, 1639431837.132551, 1639431837.13449, 1639431837.137336, 1639431837.1414359, 1639431837.14416, 1639431837.146228, 1639431837.1480792, 1639431837.1499882, 1639431837.151793, 1639431837.153999, 1639431837.156221, 1639431837.1581209, 1639431837.160099, 1639431837.161997, 1639431837.163836, 1639431837.165504, 1639431837.167163, 1639431837.16939, 1639431837.171456, 1639431837.173128, 1639431837.174997, 1639431837.1766489, 1639431837.178733, 1639431837.180632, 1639431837.182729, 1639431837.18441, 1639431837.1867929, 1639431837.188643, 1639431837.1911209, 1639431837.1931672, 1639431837.195369, 1639431837.197505, 1639431837.199253, 1639431837.20251, 1639431837.204681, 1639431837.206441, 1639431837.208286, 1639431837.21012, 1639431837.211793, 1639431837.2136462, 1639431837.21591, 1639431837.2177532, 1639431837.219955, 1639431837.2221172, 1639431837.224975, 1639431837.226914, 1639431837.2284129, 1639431837.231444, 1639431837.233454, 1639431837.235887, 1639431837.238955, 1639431837.2413068, 1639431837.243524, 1639431837.245208, 1639431837.247177, 1639431837.2492108, 1639431837.250751, 1639431837.2525408, 1639431837.254345, 1639431837.2560809, 1639431837.257605], "episode_lengths": [9, 8, 10, 10, 10, 10, 9, 11, 10, 10, 9, 8, 9, 9, 10, 10, 10, 9, 9, 9, 8, 9, 8, 11, 10, 9, 9, 9, 10, 9, 9, 10, 9, 8, 8, 8, 9, 10, 10, 10, 9, 10, 10, 10, 9, 9, 10, 9, 9, 11, 10, 9, 9, 9, 9, 9, 10, 11, 8, 10, 9, 9, 9, 10, 9, 10, 10, 10, 9, 11, 11, 9, 10, 9, 9, 8, 9, 9, 10, 11, 9, 9, 9, 10, 9, 8, 10, 9, 9, 9, 9, 9, 9, 10, 10, 8, 9, 10, 9, 8], "episode_rewards": [9.0, 8.0, 10.0, 10.0, 10.0, 10.0, 9.0, 11.0, 10.0, 10.0, 9.0, 8.0, 9.0, 9.0, 10.0, 10.0, 10.0, 9.0, 9.0, 9.0, 8.0, 9.0, 8.0, 11.0, 10.0, 9.0, 9.0, 9.0, 10.0, 9.0, 9.0, 10.0, 9.0, 8.0, 8.0, 8.0, 9.0, 10.0, 10.0, 10.0, 9.0, 10.0, 10.0, 10.0, 9.0, 9.0, 10.0, 9.0, 9.0, 11.0, 10.0, 9.0, 9.0, 9.0, 9.0, 9.0, 10.0, 11.0, 8.0, 10.0, 9.0, 9.0, 9.0, 10.0, 9.0, 10.0, 10.0, 10.0, 9.0, 11.0, 11.0, 9.0, 10.0, 9.0, 9.0, 8.0, 9.0, 9.0, 10.0, 11.0, 9.0, 9.0, 9.0, 10.0, 9.0, 8.0, 10.0, 9.0, 9.0, 9.0, 9.0, 9.0, 9.0, 10.0, 10.0, 8.0, 9.0, 10.0, 9.0, 8.0], "episode_types": ["t", "t", "t", "t", "t", "t", "t", "t", "t", "t", "t", "t", "t", "t", "t", "t", "t", "t", "t", "t", "t", "t", "t", "t", "t", "t", "t", "t", "t", "t", "t", "t", "t", "t", "t", "t", "t", "t", "t", "t", "t", "t", "t", "t", "t", "t", "t", "t", "t", "t", "t", "t", "t", "t", "t", "t", "t", "t", "t", "t", "t", "t", "t", "t", "t", "t", "t", "t", "t", "t", "t", "t", "t", "t", "t", "t", "t", "t", "t", "t", "t", "t", "t", "t", "t", "t", "t", "t", "t", "t", "t", "t", "t", "t", "t", "t", "t", "t", "t", "t"]}